onset	duration	sample	value
6.4843750000	n/a	1660	42001
6.5742187500	n/a	1683	42002
6.7031250000	n/a	1716	42001
6.7929687500	n/a	1739	42002
12.0742187500	n/a	3091	42001
12.2851562500	n/a	3145	42002
12.6953125000	n/a	3250	42001
12.9726562500	n/a	3321	42002
13.2851562500	n/a	3401	42001
13.4726562500	n/a	3449	42002
20.1250000000	n/a	5152	11111
20.1250000000	n/a	5152	31111
21.6953125000	n/a	5554	12101
21.7812500000	n/a	5576	43401
28.3515625000	n/a	7258	43402
29.6015625000	n/a	7578	43301
31.6953125000	n/a	8114	12102
31.6992187500	n/a	8115	43302
40.8437500000	n/a	10456	12201
40.9492187500	n/a	10483	43421
47.9453125000	n/a	12274	43422
48.0312500000	n/a	12296	12202
49.2226562500	n/a	12601	42001
50.2656250000	n/a	12868	43321
54.2148437500	n/a	13879	43322
54.3242187500	n/a	13907	42002
57.6523437500	n/a	14759	43451
57.7343750000	n/a	14780	12201
61.7734375000	n/a	15814	43452
62.0742187500	n/a	15891	12202
62.2812500000	n/a	15944	41504
63.3242187500	n/a	16211	42001
63.6210937500	n/a	16287	43351
64.8203125000	n/a	16594	43352
65.0429687500	n/a	16651	42002
69.5742187500	n/a	17811	12101
69.6679687500	n/a	17835	43201
74.2070312500	n/a	18997	43202
77.4882812500	n/a	19837	43301
77.5976562500	n/a	19865	43201
79.5078125000	n/a	20354	43302
79.5742187500	n/a	20371	12102
79.6250000000	n/a	20384	43202
81.1875000000	n/a	20784	43201
82.3242187500	n/a	21075	43202
82.4648437500	n/a	21111	43301
82.7148437500	n/a	21175	43302
82.8750000000	n/a	21216	43301
83.1562500000	n/a	21288	43302
124.2226562500	n/a	31801	42001
124.6054687500	n/a	31899	43461
128.2539062500	n/a	32833	43462
128.2539062500	n/a	32833	33200
128.5351562500	n/a	32905	42002
131.6523437500	n/a	33703	12101
131.7421875000	n/a	33726	43401
132.6250000000	n/a	33952	12201
132.6523437500	n/a	33959	43421
136.5312500000	n/a	34952	43422
136.5429687500	n/a	34955	12202
138.2890625000	n/a	35402	43402
140.4179687500	n/a	35947	43301
140.6914062500	n/a	36017	42001
141.3789062500	n/a	36193	43521
142.6523437500	n/a	36519	12102
142.6796875000	n/a	36526	43302
142.9296875000	n/a	36590	43522
143.0625000000	n/a	36624	42002
145.3789062500	n/a	37217	43421
146.1171875000	n/a	37406	12201
149.2578125000	n/a	38210	43422
150.0390625000	n/a	38410	12202
150.4648437500	n/a	38519	42001
151.2382812500	n/a	38717	43321
152.1757812500	n/a	38957	43322
152.5937500000	n/a	39064	42002
153.3710937500	n/a	39263	12201
153.4257812500	n/a	39277	43221
157.2539062500	n/a	40257	12202
157.3632812500	n/a	40285	43222
158.4726562500	n/a	40569	42001
159.2031250000	n/a	40756	43321
163.0546875000	n/a	41742	43322
163.0937500000	n/a	41752	42002
164.6484375000	n/a	42150	12201
164.7617187500	n/a	42179	43321
165.0976562500	n/a	42265	12202
165.2109375000	n/a	42294	43322
197.5820312500	n/a	50581	43101
204.9296875000	n/a	52462	43102
206.6796875000	n/a	52910	43401
207.8203125000	n/a	53202	43402
208.8789062500	n/a	53473	43201
209.5000000000	n/a	53632	43202
209.8789062500	n/a	53729	43301
212.9921875000	n/a	54526	12101
213.0781250000	n/a	54548	43201
213.1484375000	n/a	54566	43302
213.6171875000	n/a	54686	43001
213.7695312500	n/a	54725	43002
217.6289062500	n/a	55713	43202
218.1093750000	n/a	55836	43431
220.8476562500	n/a	56537	43301
221.3085937500	n/a	56655	22101
221.3085937500	n/a	56655	22501
222.9570312500	n/a	57077	43302
222.9921875000	n/a	57086	12102
225.2148437500	n/a	57655	43432
226.0156250000	n/a	57860	43331
226.2773437500	n/a	57927	43332
226.3437500000	n/a	57944	43431
227.3085937500	n/a	58191	22101
236.4726562500	n/a	60537	43432
237.0937500000	n/a	60696	43331
237.3632812500	n/a	60765	43332
244.9921875000	n/a	62718	42001
245.1914062500	n/a	62769	43421
245.1914062500	n/a	62769	31112
245.1914062500	n/a	62769	31121
250.3085937500	n/a	64079	22102
250.8085937500	n/a	64207	22101
251.3789062500	n/a	64353	43451
251.4335937500	n/a	64367	12201
253.2539062500	n/a	64833	32000
253.3085937500	n/a	64847	22102
253.5468750000	n/a	64908	43422
253.6718750000	n/a	64940	42002
253.8085937500	n/a	64975	22301
253.8085937500	n/a	64975	22301
253.8085937500	n/a	64975	22101
253.8085937500	n/a	64975	22501
254.3085937500	n/a	65103	22302
254.8085937500	n/a	65231	22301
254.8085937500	n/a	65231	22302
254.8085937500	n/a	65231	22301
255.0585937500	n/a	65295	22302
255.3085937500	n/a	65359	22102
255.3085937500	n/a	65359	22101
255.5585937500	n/a	65423	22301
255.7773437500	n/a	65479	43452
255.8085937500	n/a	65487	22501
255.9843750000	n/a	65532	12202
257.0585937500	n/a	65807	22301
257.0585937500	n/a	65807	22302
257.2773437500	n/a	65863	41504
257.7656250000	n/a	65988	43451
257.8085937500	n/a	65999	22101
258.0429687500	n/a	66059	41504
258.3085937500	n/a	66127	22302
258.4765625000	n/a	66170	43452
258.5585937500	n/a	66191	22301
258.6718750000	n/a	66220	42001
259.0585937500	n/a	66319	22302
259.0585937500	n/a	66319	22501
259.0664062500	n/a	66321	43351
259.5585937500	n/a	66447	22301
259.5585937500	n/a	66447	22502
260.0585937500	n/a	66575	22501
260.5585937500	n/a	66703	22502
260.8085937500	n/a	66767	22301
260.8085937500	n/a	66767	22302
261.1367187500	n/a	66851	43352
261.3085937500	n/a	66895	22501
261.5585937500	n/a	66959	22301
261.8437500000	n/a	67032	12101
261.8750000000	n/a	67040	43451
261.9335937500	n/a	67055	42002
262.2109375000	n/a	67126	42001
263.3085937500	n/a	67407	22102
263.4531250000	n/a	67444	43441
263.4531250000	n/a	67444	44311
263.5585937500	n/a	67471	22102
263.5585937500	n/a	67471	22101
263.8710937500	n/a	67551	32000
264.3085937500	n/a	67663	22301
264.3085937500	n/a	67663	22301
264.5585937500	n/a	67727	22302
264.8085937500	n/a	67791	22302
264.8085937500	n/a	67791	22301
265.3828125000	n/a	67938	43452
265.4335937500	n/a	67951	12102
265.5585937500	n/a	67983	22101
266.0585937500	n/a	68111	22102
266.1679687500	n/a	68139	12201
266.3085937500	n/a	68175	22101
266.3750000000	n/a	68192	43221
266.5585937500	n/a	68239	22102
266.8085937500	n/a	68303	22101
267.4609375000	n/a	68470	32000
267.5585937500	n/a	68495	22302
267.5585937500	n/a	68495	22301
267.5585937500	n/a	68495	22302
267.8828125000	n/a	68578	43442
267.8828125000	n/a	68578	44312
267.9335937500	n/a	68591	42002
268.6054687500	n/a	68763	41504
269.3085937500	n/a	68943	22302
269.3085937500	n/a	68943	22102
269.5585937500	n/a	69007	22301
269.8085937500	n/a	69071	22101
270.0468750000	n/a	69132	12202
270.3242187500	n/a	69203	43222
270.6210937500	n/a	69279	42001
271.0234375000	n/a	69382	43321
271.0585937500	n/a	69391	22102
271.5585937500	n/a	69519	22302
272.3085937500	n/a	69711	22502
272.5585937500	n/a	69775	22501
272.5585937500	n/a	69775	22301
272.5585937500	n/a	69775	22101
273.3085937500	n/a	69967	22102
273.4140625000	n/a	69994	43322
273.5234375000	n/a	70022	42002
273.5585937500	n/a	70031	22101
273.8085937500	n/a	70095	22502
274.0585937500	n/a	70159	22501
274.0585937500	n/a	70159	22302
274.2929687500	n/a	70219	12201
274.3085937500	n/a	70223	22301
274.4414062500	n/a	70257	43441
274.5585937500	n/a	70287	22502
274.5585937500	n/a	70287	22501
274.8085937500	n/a	70351	22501
275.3085937500	n/a	70479	22502
276.0585937500	n/a	70671	22502
276.0585937500	n/a	70671	22302
276.3085937500	n/a	70735	22501
276.3085937500	n/a	70735	22301
276.3085937500	n/a	70735	22501
277.3085937500	n/a	70991	22102
277.5585937500	n/a	71055	22501
277.5585937500	n/a	71055	22502
277.8085937500	n/a	71119	22501
278.0585937500	n/a	71183	22101
278.8085937500	n/a	71375	22302
279.0585937500	n/a	71439	22501
279.0585937500	n/a	71439	22502
279.3085937500	n/a	71503	22101
279.4687500000	n/a	71544	43442
279.5117187500	n/a	71555	12202
279.5585937500	n/a	71567	22301
279.8085937500	n/a	71631	22302
279.8085937500	n/a	71631	22501
280.0585937500	n/a	71695	22501
280.2031250000	n/a	71732	42001
280.3085937500	n/a	71759	22502
280.3085937500	n/a	71759	22501
280.5585937500	n/a	71823	22502
280.8085937500	n/a	71887	22102
280.8085937500	n/a	71887	22502
280.8984375000	n/a	71910	43341
281.3085937500	n/a	72015	22101
281.3085937500	n/a	72015	22501
281.5585937500	n/a	72079	22102
281.5703125000	n/a	72082	43342
281.7109375000	n/a	72118	42002
282.3085937500	n/a	72271	22501
282.5585937500	n/a	72335	22502
283.0585937500	n/a	72463	22502
283.3085937500	n/a	72527	22102
283.3085937500	n/a	72527	22501
283.5585937500	n/a	72591	22501
283.8085937500	n/a	72655	22101
283.8085937500	n/a	72655	22101
283.8085937500	n/a	72655	22502
284.0585937500	n/a	72719	22501
284.3085937500	n/a	72783	22101
284.3085937500	n/a	72783	22502
284.5585937500	n/a	72847	22502
284.8085937500	n/a	72911	22102
284.8085937500	n/a	72911	22501
284.8085937500	n/a	72911	22101
285.0585937500	n/a	72975	22501
285.3085937500	n/a	73039	22101
285.3085937500	n/a	73039	22502
285.5585937500	n/a	73103	22502
285.8085937500	n/a	73167	22102
285.8085937500	n/a	73167	22501
286.0585937500	n/a	73231	22102
286.0585937500	n/a	73231	22102
286.3085937500	n/a	73295	22101
286.3085937500	n/a	73295	22101
287.5507812500	n/a	73613	32000
287.8085937500	n/a	73679	22102
288.4062500000	n/a	73832	43201
289.3085937500	n/a	74063	22102
289.5585937500	n/a	74127	22502
289.5585937500	n/a	74127	22101
289.7265625000	n/a	74170	43202
289.8085937500	n/a	74191	22501
289.8710937500	n/a	74207	32000
290.3085937500	n/a	74319	22502
290.3085937500	n/a	74319	22502
290.3085937500	n/a	74319	22101
290.5585937500	n/a	74383	22102
290.5585937500	n/a	74383	22301
290.5585937500	n/a	74383	22302
290.5585937500	n/a	74383	22501
290.8085937500	n/a	74447	22102
291.3085937500	n/a	74575	22102
291.7187500000	n/a	74680	43401
291.8085937500	n/a	74703	22101
292.0585937500	n/a	74767	22502
292.0585937500	n/a	74767	22501
292.0585937500	n/a	74767	22502
292.0585937500	n/a	74767	22102
292.0585937500	n/a	74767	22502
292.3085937500	n/a	74831	22502
292.3085937500	n/a	74831	22501
292.3320312500	n/a	74837	12101
292.3867187500	n/a	74851	43201
292.5585937500	n/a	74895	22502
292.5585937500	n/a	74895	22501
293.3750000000	n/a	75104	43402
293.5585937500	n/a	75151	22301
293.8085937500	n/a	75215	22301
293.8085937500	n/a	75215	22502
294.0585937500	n/a	75279	22501
294.5585937500	n/a	75407	22501
294.7109375000	n/a	75446	32000
295.0585937500	n/a	75535	22301
295.3085937500	n/a	75599	22502
295.4023437500	n/a	75623	32000
295.5585937500	n/a	75663	22501
295.5585937500	n/a	75663	22502
295.5585937500	n/a	75663	22501
295.8085937500	n/a	75727	22502
296.3085937500	n/a	75855	22501
296.5585937500	n/a	75919	22301
296.8085937500	n/a	75983	22301
296.9843750000	n/a	76028	43202
297.3085937500	n/a	76111	22302
297.5585937500	n/a	76175	22502
297.5585937500	n/a	76175	22302
297.5585937500	n/a	76175	22502
298.0585937500	n/a	76303	22501
298.3085937500	n/a	76367	22302
298.3085937500	n/a	76367	22501
298.3085937500	n/a	76367	22501
298.5585937500	n/a	76431	22502
298.5585937500	n/a	76431	22101
298.8085937500	n/a	76495	22301
298.8085937500	n/a	76495	22502
299.3085937500	n/a	76623	22302
299.3085937500	n/a	76623	22502
299.5585937500	n/a	76687	22301
299.5585937500	n/a	76687	22302
299.5585937500	n/a	76687	22501
300.0585937500	n/a	76815	22301
300.2460937500	n/a	76863	43301
300.3085937500	n/a	76879	22302
300.5585937500	n/a	76943	22302
300.5585937500	n/a	76943	22501
300.5585937500	n/a	76943	22301
300.8085937500	n/a	77007	22301
301.0585937500	n/a	77071	22502
301.3085937500	n/a	77135	22301
301.3554687500	n/a	77147	43431
301.5585937500	n/a	77199	22501
301.8085937500	n/a	77263	22302
301.8085937500	n/a	77263	22302
301.8085937500	n/a	77263	22301
302.0585937500	n/a	77327	22302
302.0585937500	n/a	77327	22301
302.2851562500	n/a	77385	43432
302.3085937500	n/a	77391	22302
302.3085937500	n/a	77391	22302
302.3085937500	n/a	77391	22301
302.3320312500	n/a	77397	12102
302.3437500000	n/a	77400	43302
302.5585937500	n/a	77455	22302
302.5585937500	n/a	77455	22102
302.8085937500	n/a	77519	22301
303.0585937500	n/a	77583	22502
303.3085937500	n/a	77647	22302
303.3085937500	n/a	77647	22502
303.5585937500	n/a	77711	22501
303.8085937500	n/a	77775	22301
303.8085937500	n/a	77775	22101
303.8085937500	n/a	77775	22301
304.0585937500	n/a	77839	22302
304.0585937500	n/a	77839	22301
304.0585937500	n/a	77839	22301
304.0585937500	n/a	77839	22101
304.0585937500	n/a	77839	22502
304.5585937500	n/a	77967	22301
304.5585937500	n/a	77967	22502
304.5585937500	n/a	77967	22102
304.5585937500	n/a	77967	22502
304.5585937500	n/a	77967	22501
304.5585937500	n/a	77967	22302
304.8085937500	n/a	78031	22501
304.8085937500	n/a	78031	22102
304.8085937500	n/a	78031	22502
304.8085937500	n/a	78031	22102
305.0585937500	n/a	78095	22501
305.3085937500	n/a	78159	22302
305.3085937500	n/a	78159	22301
305.3632812500	n/a	78173	32000
305.5585937500	n/a	78223	22502
305.5585937500	n/a	78223	22201
305.8085937500	n/a	78287	22301
305.8085937500	n/a	78287	22101
305.8085937500	n/a	78287	22501
305.8085937500	n/a	78287	22502
305.8085937500	n/a	78287	22501
306.0585937500	n/a	78351	22502
306.3085937500	n/a	78415	22301
306.3085937500	n/a	78415	22501
306.3085937500	n/a	78415	22502
306.5585937500	n/a	78479	22302
306.8085937500	n/a	78543	22501
306.8085937500	n/a	78543	22301
307.0585937500	n/a	78607	22302
307.0585937500	n/a	78607	22101
307.0585937500	n/a	78607	22301
307.0585937500	n/a	78607	22202
307.0585937500	n/a	78607	22501
307.3085937500	n/a	78671	22302
307.5585937500	n/a	78735	22102
307.8085937500	n/a	78799	22101
307.8085937500	n/a	78799	22301
307.8085937500	n/a	78799	22302
307.8085937500	n/a	78799	22302
307.8085937500	n/a	78799	22302
307.8085937500	n/a	78799	22502
307.8085937500	n/a	78799	22501
308.0585937500	n/a	78863	22302
308.0585937500	n/a	78863	22301
308.0585937500	n/a	78863	22201
308.3085937500	n/a	78927	22101
308.3085937500	n/a	78927	22302
308.3085937500	n/a	78927	22102
308.3085937500	n/a	78927	22301
308.3085937500	n/a	78927	22502
308.5585937500	n/a	78991	22102
308.5585937500	n/a	78991	22302
308.5585937500	n/a	78991	22502
308.8085937500	n/a	79055	22301
308.8632812500	n/a	79069	32000
309.0585937500	n/a	79119	22301
309.0585937500	n/a	79119	22101
309.0585937500	n/a	79119	22102
309.0585937500	n/a	79119	22502
309.0585937500	n/a	79119	22301
309.1406250000	n/a	79140	32000
309.1796875000	n/a	79150	32000
309.3085937500	n/a	79183	22101
309.3085937500	n/a	79183	22301
309.3085937500	n/a	79183	22102
309.3085937500	n/a	79183	22301
309.3085937500	n/a	79183	22502
309.3085937500	n/a	79183	22501
309.3085937500	n/a	79183	22101
309.5585937500	n/a	79247	22102
309.5585937500	n/a	79247	22301
309.5585937500	n/a	79247	22501
309.5585937500	n/a	79247	22501
309.8085937500	n/a	79311	22102
309.8085937500	n/a	79311	22502
309.8085937500	n/a	79311	22301
309.8085937500	n/a	79311	22502
310.0585937500	n/a	79375	22302
310.0585937500	n/a	79375	22302
310.0585937500	n/a	79375	22301
310.0585937500	n/a	79375	22202
310.3085937500	n/a	79439	22301
310.5585937500	n/a	79503	22302
310.5585937500	n/a	79503	22302
310.5585937500	n/a	79503	22302
310.5585937500	n/a	79503	22502
310.8085937500	n/a	79567	22302
310.8085937500	n/a	79567	22301
310.8085937500	n/a	79567	22302
310.8085937500	n/a	79567	22301
310.8085937500	n/a	79567	22301
311.0585937500	n/a	79631	22101
311.0585937500	n/a	79631	22102
311.0585937500	n/a	79631	22501
311.1210937500	n/a	79647	43431
311.3085937500	n/a	79695	22502
311.5585937500	n/a	79759	22302
311.5585937500	n/a	79759	22301
311.5585937500	n/a	79759	22101
311.8085937500	n/a	79823	22501
311.8085937500	n/a	79823	22501
312.0585937500	n/a	79887	22102
312.3085937500	n/a	79951	22302
312.3085937500	n/a	79951	22302
312.5000000000	n/a	80000	43432
312.5585937500	n/a	80015	22301
312.5585937500	n/a	80015	22502
312.8085937500	n/a	80079	22302
313.0585937500	n/a	80143	22302
313.0898437500	n/a	80151	43331
313.3085937500	n/a	80207	22302
313.3085937500	n/a	80207	22501
313.4804687500	n/a	80251	43332
313.5585937500	n/a	80271	22301
313.5585937500	n/a	80271	22301
313.5585937500	n/a	80271	22301
313.5585937500	n/a	80271	22501
313.8085937500	n/a	80335	22502
314.3085937500	n/a	80463	22302
314.5585937500	n/a	80527	22501
314.8085937500	n/a	80591	22502
315.0585937500	n/a	80655	22101
315.0585937500	n/a	80655	22301
315.0585937500	n/a	80655	22502
315.3085937500	n/a	80719	22501
315.5195312500	n/a	80773	32000
315.5585937500	n/a	80783	22501
316.0585937500	n/a	80911	22501
316.3085937500	n/a	80975	22102
316.5585937500	n/a	81039	22102
316.5585937500	n/a	81039	22301
317.0585937500	n/a	81167	22301
317.0585937500	n/a	81167	22101
317.0585937500	n/a	81167	22302
317.3085937500	n/a	81231	22102
317.3085937500	n/a	81231	22302
317.5585937500	n/a	81295	22301
318.0585937500	n/a	81423	22302
318.0585937500	n/a	81423	22502
318.3085937500	n/a	81487	22502
318.5585937500	n/a	81551	22101
318.5585937500	n/a	81551	22501
318.8085937500	n/a	81615	22301
318.8085937500	n/a	81615	22302
318.8085937500	n/a	81615	22502
319.3085937500	n/a	81743	22101
319.5585937500	n/a	81807	22502
320.0585937500	n/a	81935	22102
320.2109375000	n/a	81974	32000
320.3085937500	n/a	81999	22301
320.5585937500	n/a	82063	22101
320.5585937500	n/a	82063	22301
320.5585937500	n/a	82063	22101
320.8085937500	n/a	82127	22302
320.8085937500	n/a	82127	22302
320.8085937500	n/a	82127	22102
321.0585937500	n/a	82191	22501
321.0585937500	n/a	82191	22302
321.2148437500	n/a	82231	12201
321.3085937500	n/a	82255	22101
321.3085937500	n/a	82255	22301
321.3085937500	n/a	82255	22102
321.3984375000	n/a	82278	43241
321.5585937500	n/a	82319	22301
321.5585937500	n/a	82319	22302
321.5585937500	n/a	82319	22101
321.8085937500	n/a	82383	22102
322.0585937500	n/a	82447	22502
322.3085937500	n/a	82511	22301
322.3085937500	n/a	82511	22102
322.3085937500	n/a	82511	22501
322.3085937500	n/a	82511	22501
322.5585937500	n/a	82575	22102
322.5585937500	n/a	82575	22502
323.0585937500	n/a	82703	22501
323.8085937500	n/a	82895	22101
323.9492187500	n/a	82931	43401
324.0585937500	n/a	82959	22502
324.1679687500	n/a	82987	43402
325.3085937500	n/a	83279	22502
325.5585937500	n/a	83343	22301
325.8085937500	n/a	83407	22101
326.0585937500	n/a	83471	22102
326.2031250000	n/a	83508	32000
326.3085937500	n/a	83535	22302
326.3085937500	n/a	83535	22101
326.8085937500	n/a	83663	22102
326.8085937500	n/a	83663	22502
327.0546875000	n/a	83726	12202
327.0585937500	n/a	83727	22501
327.0585937500	n/a	83727	22301
327.0585937500	n/a	83727	22302
327.0585937500	n/a	83727	22302
327.0585937500	n/a	83727	22302
327.0585937500	n/a	83727	22302
327.0585937500	n/a	83727	22302
327.1406250000	n/a	83748	32000
327.1875000000	n/a	83760	43242
327.3085937500	n/a	83791	22302
327.3085937500	n/a	83791	22302
327.3085937500	n/a	83791	22301
327.3320312500	n/a	83797	42001
327.5585937500	n/a	83855	22301
327.5585937500	n/a	83855	22301
327.5585937500	n/a	83855	22101
327.5585937500	n/a	83855	22502
327.5585937500	n/a	83855	22501
327.5585937500	n/a	83855	22301
327.5585937500	n/a	83855	22301
327.5585937500	n/a	83855	22302
327.5585937500	n/a	83855	22302
327.5585937500	n/a	83855	22302
327.5976562500	n/a	83865	43341
327.8085937500	n/a	83919	22302
327.8085937500	n/a	83919	22302
327.8085937500	n/a	83919	22501
327.8085937500	n/a	83919	22501
328.0585937500	n/a	83983	22302
328.0585937500	n/a	83983	22302
328.0585937500	n/a	83983	22102
328.3085937500	n/a	84047	22301
328.3085937500	n/a	84047	22102
328.3085937500	n/a	84047	22301
328.3085937500	n/a	84047	22502
328.3085937500	n/a	84047	22101
328.5585937500	n/a	84111	22301
328.5585937500	n/a	84111	22302
328.5585937500	n/a	84111	22302
328.7148437500	n/a	84151	43342
328.8085937500	n/a	84175	22502
328.8085937500	n/a	84175	22502
328.8476562500	n/a	84185	43461
328.8476562500	n/a	84185	45301
329.0585937500	n/a	84239	22302
329.0585937500	n/a	84239	22301
329.0585937500	n/a	84239	22302
329.0585937500	n/a	84239	22501
329.3085937500	n/a	84303	22502
329.5585937500	n/a	84367	22501
329.8085937500	n/a	84431	22101
329.8906250000	n/a	84452	32000
330.0585937500	n/a	84495	22301
330.0585937500	n/a	84495	22102
330.3085937500	n/a	84559	22301
330.3085937500	n/a	84559	22101
330.5585937500	n/a	84623	22302
330.5585937500	n/a	84623	22301
330.7148437500	n/a	84663	43341
330.9570312500	n/a	84725	12201
331.1640625000	n/a	84778	43342
331.4062500000	n/a	84840	12202
331.4648437500	n/a	84855	43462
331.4648437500	n/a	84855	45302
331.5585937500	n/a	84879	22102
331.6601562500	n/a	84905	33100
331.8085937500	n/a	84943	22302
331.8320312500	n/a	84949	42002
332.5585937500	n/a	85135	22301
333.4453125000	n/a	85362	43431
333.5585937500	n/a	85391	22302
333.8085937500	n/a	85455	22301
334.1093750000	n/a	85532	12101
334.1367187500	n/a	85539	43401
335.0585937500	n/a	85775	22501
335.3085937500	n/a	85839	22502
335.8085937500	n/a	85967	22302
336.2343750000	n/a	86076	43432
336.3085937500	n/a	86095	22502
336.6093750000	n/a	86172	32000
336.8085937500	n/a	86223	22501
337.8046875000	n/a	86478	43331
338.2421875000	n/a	86590	43332
339.3085937500	n/a	86863	22502
339.4453125000	n/a	86898	43402
339.5585937500	n/a	86927	22302
339.8085937500	n/a	86991	22301
341.0585937500	n/a	87311	22302
341.2031250000	n/a	87348	32000
341.3085937500	n/a	87375	22301
342.5585937500	n/a	87695	22501
342.8085937500	n/a	87759	22302
343.1328125000	n/a	87842	43301
344.0585937500	n/a	88079	22301
344.0585937500	n/a	88079	22102
344.5585937500	n/a	88207	22101
344.5585937500	n/a	88207	22502
345.5585937500	n/a	88463	22101
346.0625000000	n/a	88592	43302
346.1093750000	n/a	88604	12102
346.1093750000	n/a	88604	32000
346.3085937500	n/a	88655	22102
346.5585937500	n/a	88719	22301
346.5585937500	n/a	88719	22101
346.8085937500	n/a	88783	22101
347.0585937500	n/a	88847	22601
347.0585937500	n/a	88847	22601
347.3085937500	n/a	88911	22101
347.3085937500	n/a	88911	22302
347.5585937500	n/a	88975	22101
347.5585937500	n/a	88975	22301
347.8085937500	n/a	89039	22101
347.8085937500	n/a	89039	22102
347.8085937500	n/a	89039	22102
348.0585937500	n/a	89103	22302
348.0585937500	n/a	89103	22302
348.3085937500	n/a	89167	22301
348.3085937500	n/a	89167	22301
348.3085937500	n/a	89167	22102
348.5585937500	n/a	89231	22101
348.5585937500	n/a	89231	22501
348.5585937500	n/a	89231	22302
348.5585937500	n/a	89231	22102
348.5585937500	n/a	89231	22101
349.0585937500	n/a	89359	22601
349.5585937500	n/a	89487	22302
349.5585937500	n/a	89487	22602
349.5585937500	n/a	89487	22602
349.5585937500	n/a	89487	22502
349.7226562500	n/a	89529	43431
349.8085937500	n/a	89551	22601
349.8085937500	n/a	89551	22601
349.8085937500	n/a	89551	22602
349.8085937500	n/a	89551	22102
350.0585937500	n/a	89615	22601
350.0585937500	n/a	89615	22101
350.0585937500	n/a	89615	22101
350.0585937500	n/a	89615	22301
350.0585937500	n/a	89615	22102
350.8085937500	n/a	89807	22602
351.3593750000	n/a	89948	32000
351.5585937500	n/a	89999	22301
352.0585937500	n/a	90127	22601
352.6015625000	n/a	90266	43432
353.3085937500	n/a	90447	22302
353.5585937500	n/a	90511	22301
353.5585937500	n/a	90511	22102
353.8085937500	n/a	90575	22101
354.4609375000	n/a	90742	43331
354.6992187500	n/a	90803	42001
354.7382812500	n/a	90813	43332
355.0585937500	n/a	90895	22302
355.3085937500	n/a	90959	22301
355.5585937500	n/a	91023	22102
355.6992187500	n/a	91059	42002
355.9804687500	n/a	91131	42001
356.0585937500	n/a	91151	22102
356.2382812500	n/a	91197	43441
356.2382812500	n/a	91197	44311
356.3085937500	n/a	91215	22302
356.3085937500	n/a	91215	22101
356.5585937500	n/a	91279	22301
356.5585937500	n/a	91279	22101
357.0585937500	n/a	91407	22102
357.3085937500	n/a	91471	22302
357.5585937500	n/a	91535	22301
359.1718750000	n/a	91948	32000
359.3085937500	n/a	91983	22302
359.5585937500	n/a	92047	22301
360.5273437500	n/a	92295	43442
360.5273437500	n/a	92295	44312
360.5585937500	n/a	92303	22301
361.0585937500	n/a	92431	22302
361.0585937500	n/a	92431	22102
361.3085937500	n/a	92495	22301
361.5585937500	n/a	92559	22302
361.8164062500	n/a	92625	43461
361.8164062500	n/a	92625	45301
362.5585937500	n/a	92815	22302
363.0585937500	n/a	92943	22101
363.3085937500	n/a	93007	22301
364.2265625000	n/a	93242	43341
364.2304687500	n/a	93243	12201
364.3085937500	n/a	93263	22301
364.6757812500	n/a	93357	43342
364.6796875000	n/a	93358	12202
365.3085937500	n/a	93519	22302
365.6093750000	n/a	93596	33100
366.1992187500	n/a	93747	32000
366.3085937500	n/a	93775	22102
366.6015625000	n/a	93850	32000
366.7578125000	n/a	93890	43462
366.7578125000	n/a	93890	45302
367.0585937500	n/a	93967	22301
367.0585937500	n/a	93967	22301
367.0585937500	n/a	93967	33100
367.3515625000	n/a	94042	42002
367.5585937500	n/a	94095	22301
367.7304687500	n/a	94139	12101
367.8085937500	n/a	94159	22301
367.8085937500	n/a	94159	22302
367.8085937500	n/a	94159	22101
367.8242187500	n/a	94163	43401
369.0585937500	n/a	94479	22302
370.3085937500	n/a	94799	22301
370.3085937500	n/a	94799	22601
370.5585937500	n/a	94863	22102
370.5585937500	n/a	94863	22302
370.8085937500	n/a	94927	22101
371.0585937500	n/a	94991	22302
371.2031250000	n/a	95028	43402
371.3085937500	n/a	95055	22301
371.3593750000	n/a	95068	32000
371.8085937500	n/a	95183	22302
372.0585937500	n/a	95247	22301
372.0585937500	n/a	95247	22102
372.1445312500	n/a	95269	43451
372.3085937500	n/a	95311	22101
372.3554687500	n/a	95323	12201
372.5585937500	n/a	95375	22302
372.8085937500	n/a	95439	22301
373.0117187500	n/a	95491	32000
373.0585937500	n/a	95503	22302
373.3085937500	n/a	95567	22301
373.5585937500	n/a	95631	22302
373.8554687500	n/a	95707	43001
374.0585937500	n/a	95759	22501
374.0585937500	n/a	95759	22102
374.0585937500	n/a	95759	22302
374.0937500000	n/a	95768	43002
374.5585937500	n/a	95887	22302
374.8085937500	n/a	95951	22602
374.8085937500	n/a	95951	22601
375.3046875000	n/a	96078	43301
375.3085937500	n/a	96079	22302
375.8085937500	n/a	96207	22601
375.8085937500	n/a	96207	22602
376.0585937500	n/a	96271	22301
376.5585937500	n/a	96399	22502
376.8085937500	n/a	96463	22301
377.0585937500	n/a	96527	22301
377.2617187500	n/a	96579	41504
377.4101562500	n/a	96617	11112
377.4101562500	n/a	96617	31122
377.4101562500	n/a	96617	31131
377.4101562500	n/a	96617	46120
377.5195312500	n/a	96645	12102
377.5546875000	n/a	96654	43302
378.1328125000	n/a	96802	43452
378.3242187500	n/a	96851	12202
378.8085937500	n/a	96975	22102
378.8593750000	n/a	96988	42001
379.4023437500	n/a	97127	43351
380.3085937500	n/a	97359	22101
381.3632812500	n/a	97629	43352
381.3710937500	n/a	97631	43421
383.0585937500	n/a	98063	22302
383.8085937500	n/a	98255	22501
384.0585937500	n/a	98319	22301
384.0585937500	n/a	98319	22302
384.3085937500	n/a	98383	22302
384.8085937500	n/a	98511	22501
385.2617187500	n/a	98627	43422
385.3085937500	n/a	98639	22301
385.5585937500	n/a	98703	22502
385.5585937500	n/a	98703	22302
385.7695312500	n/a	98757	43441
385.7695312500	n/a	98757	44311
388.3085937500	n/a	99407	22502
390.0000000000	n/a	99840	43442
390.0000000000	n/a	99840	44312
390.0390625000	n/a	99850	42002
390.5000000000	n/a	99968	43101
390.6406250000	n/a	100004	43102
390.8085937500	n/a	100047	22302
391.0585937500	n/a	100111	22102
391.2929687500	n/a	100171	12201
391.3593750000	n/a	100188	32000
391.4101562500	n/a	100201	43421
396.0585937500	n/a	101391	22301
396.0585937500	n/a	101391	22101
396.3085937500	n/a	101455	22302
396.3867187500	n/a	101475	43422
396.4609375000	n/a	101494	12202
397.8085937500	n/a	101839	22302
398.0703125000	n/a	101906	42001
398.9960937500	n/a	102143	43321
399.0585937500	n/a	102159	43401
399.1015625000	n/a	102170	12101
399.7968750000	n/a	102348	43322
399.9804687500	n/a	102395	42002
402.8085937500	n/a	103119	22301
402.8203125000	n/a	103122	32000
404.4257812500	n/a	103533	43402
404.8085937500	n/a	103631	22301
405.0585937500	n/a	103695	22302
405.0585937500	n/a	103695	22302
405.9492187500	n/a	103923	32000
406.6367187500	n/a	104099	12201
406.6640625000	n/a	104106	43421
406.8085937500	n/a	104143	22301
407.3085937500	n/a	104271	22301
408.1445312500	n/a	104485	43301
408.5585937500	n/a	104591	22102
409.8085937500	n/a	104911	22301
410.0585937500	n/a	104975	22101
410.4140625000	n/a	105066	43422
410.5468750000	n/a	105100	12202
411.0117187500	n/a	105219	43302
411.1015625000	n/a	105242	12102
412.0117187500	n/a	105475	42001
412.5742187500	n/a	105619	43321
413.0585937500	n/a	105743	22501
413.0703125000	n/a	105746	32000
413.3085937500	n/a	105807	22502
414.3085937500	n/a	106063	22302
414.3085937500	n/a	106063	22501
415.4609375000	n/a	106358	43322
415.6992187500	n/a	106419	42002
416.3085937500	n/a	106575	22301
416.3203125000	n/a	106578	43431
417.2695312500	n/a	106821	11111
417.2695312500	n/a	106821	31132
417.2695312500	n/a	106821	31141
419.0585937500	n/a	107279	22102
419.1718750000	n/a	107308	43432
419.8515625000	n/a	107482	43331
420.0585937500	n/a	107535	22101
420.1015625000	n/a	107546	43332
420.3085937500	n/a	107599	22101
420.5585937500	n/a	107663	22301
420.5585937500	n/a	107663	22302
420.8085937500	n/a	107727	22301
421.0585937500	n/a	107791	22101
421.3085937500	n/a	107855	22102
421.7617187500	n/a	107971	32000
421.8085937500	n/a	107983	22602
421.8085937500	n/a	107983	22301
422.0585937500	n/a	108047	22602
422.0585937500	n/a	108047	22601
422.3085937500	n/a	108111	22602
422.3085937500	n/a	108111	22601
422.5585937500	n/a	108175	22601
423.3085937500	n/a	108367	22602
423.5585937500	n/a	108431	22601
423.5585937500	n/a	108431	22602
424.0585937500	n/a	108559	22602
424.3085937500	n/a	108623	22602
424.5585937500	n/a	108687	22602
424.5585937500	n/a	108687	22601
424.8085937500	n/a	108751	22601
425.0585937500	n/a	108815	22601
425.3085937500	n/a	108879	22601
425.3085937500	n/a	108879	22602
425.5117187500	n/a	108931	32000
426.5585937500	n/a	109199	22602
427.0585937500	n/a	109327	22601
427.5585937500	n/a	109455	22601
427.8085937500	n/a	109519	22302
429.0585937500	n/a	109839	22602
429.5117187500	n/a	109955	12101
429.5390625000	n/a	109962	43451
429.5390625000	n/a	109962	32000
430.0585937500	n/a	110095	22501
430.5585937500	n/a	110223	22601
430.5585937500	n/a	110223	22602
430.8085937500	n/a	110287	22302
430.8085937500	n/a	110287	22601
430.8085937500	n/a	110287	22602
431.0585937500	n/a	110351	22301
431.0585937500	n/a	110351	22601
431.0585937500	n/a	110351	22101
431.0585937500	n/a	110351	22501
431.0585937500	n/a	110351	22302
431.0585937500	n/a	110351	22102
431.0585937500	n/a	110351	22502
431.0585937500	n/a	110351	22502
431.3085937500	n/a	110415	22102
431.3085937500	n/a	110415	22301
431.3085937500	n/a	110415	22301
431.3085937500	n/a	110415	22101
431.3085937500	n/a	110415	22102
431.3085937500	n/a	110415	22501
431.3085937500	n/a	110415	22302
431.3085937500	n/a	110415	22302
431.3085937500	n/a	110415	22602
431.3085937500	n/a	110415	22602
431.3085937500	n/a	110415	22102
431.5585937500	n/a	110479	22101
431.5585937500	n/a	110479	22301
431.5585937500	n/a	110479	22601
431.5585937500	n/a	110479	22601
431.8085937500	n/a	110543	22302
431.8085937500	n/a	110543	22602
431.8085937500	n/a	110543	22602
431.8085937500	n/a	110543	22102
431.8085937500	n/a	110543	22502
431.8085937500	n/a	110543	22502
432.0585937500	n/a	110607	22302
432.0585937500	n/a	110607	22102
432.0585937500	n/a	110607	22302
432.0585937500	n/a	110607	22302
432.0585937500	n/a	110607	22602
432.0585937500	n/a	110607	22602
432.3085937500	n/a	110671	22301
432.8085937500	n/a	110799	22101
432.8085937500	n/a	110799	22101
432.8085937500	n/a	110799	22301
433.0585937500	n/a	110863	22102
433.0781250000	n/a	110868	43452
433.1015625000	n/a	110874	12102
433.1093750000	n/a	110876	32000
433.3085937500	n/a	110927	22102
433.3085937500	n/a	110927	22101
433.6718750000	n/a	111020	32000
433.7656250000	n/a	111044	43451
433.8085937500	n/a	111055	22302
434.0585937500	n/a	111119	22102
434.2617187500	n/a	111171	41504
434.3085937500	n/a	111183	22301
434.5078125000	n/a	111234	43452
434.8085937500	n/a	111311	22302
435.0585937500	n/a	111375	22501
435.3085937500	n/a	111439	22502
435.5585937500	n/a	111503	22302
435.5585937500	n/a	111503	22301
436.3085937500	n/a	111695	22301
437.0585937500	n/a	111887	22302
437.3085937500	n/a	111951	22301
437.5117187500	n/a	112003	42001
437.7070312500	n/a	112053	43461
437.7070312500	n/a	112053	45301
437.8671875000	n/a	112094	43451
437.8906250000	n/a	112100	32000
437.9179687500	n/a	112107	12201
438.0585937500	n/a	112143	22302
438.0585937500	n/a	112143	22301
438.5585937500	n/a	112271	22302
438.5976562500	n/a	112281	43462
438.5976562500	n/a	112281	45302
439.1093750000	n/a	112412	42002
439.3085937500	n/a	112463	22301
439.5585937500	n/a	112527	22301
439.8085937500	n/a	112591	22302
440.0078125000	n/a	112642	33100
440.0585937500	n/a	112655	22301
440.0585937500	n/a	112655	22301
440.0585937500	n/a	112655	22301
440.0585937500	n/a	112655	22302
440.3085937500	n/a	112719	22302
440.8085937500	n/a	112847	22301
441.0585937500	n/a	112911	22302
441.0585937500	n/a	112911	22301
441.3085937500	n/a	112975	22301
441.6093750000	n/a	113052	42001
441.8085937500	n/a	113103	22302
442.0585937500	n/a	113167	22302
442.1992187500	n/a	113203	32000
442.2265625000	n/a	113210	43461
442.2265625000	n/a	113210	45301
442.3164062500	n/a	113233	43452
442.4648437500	n/a	113271	12202
442.8085937500	n/a	113359	33100
443.2460937500	n/a	113471	43462
443.2460937500	n/a	113471	45302
443.5117187500	n/a	113539	42002
443.8085937500	n/a	113615	22302
443.9960937500	n/a	113663	41504
444.0585937500	n/a	113679	22301
444.4648437500	n/a	113783	43351
444.5117187500	n/a	113795	42001
445.0585937500	n/a	113935	22302
445.3085937500	n/a	113999	22302
445.5585937500	n/a	114063	22301
445.8085937500	n/a	114127	22301
446.1250000000	n/a	114208	43352
446.2539062500	n/a	114241	43431
446.4218750000	n/a	114284	42002
447.0585937500	n/a	114447	22301
447.0585937500	n/a	114447	22302
448.0585937500	n/a	114703	22302
448.1406250000	n/a	114724	32000
448.5585937500	n/a	114831	22301
448.8085937500	n/a	114895	22101
449.0585937500	n/a	114959	22301
449.3085937500	n/a	115023	22501
449.3085937500	n/a	115023	22501
449.5117187500	n/a	115075	32000
449.8085937500	n/a	115151	22501
450.0585937500	n/a	115215	22302
450.0585937500	n/a	115215	22301
450.3085937500	n/a	115279	22101
450.3085937500	n/a	115279	22301
450.3085937500	n/a	115279	22301
450.3085937500	n/a	115279	22302
450.3085937500	n/a	115279	22301
450.3085937500	n/a	115279	22501
450.5585937500	n/a	115343	22102
450.5585937500	n/a	115343	22301
450.5585937500	n/a	115343	22301
450.8085937500	n/a	115407	22102
450.8085937500	n/a	115407	22302
450.8085937500	n/a	115407	22301
451.0585937500	n/a	115471	22301
451.0585937500	n/a	115471	22302
451.0585937500	n/a	115471	22101
451.0585937500	n/a	115471	22101
451.3085937500	n/a	115535	22301
451.3085937500	n/a	115535	22301
451.3085937500	n/a	115535	22502
451.3085937500	n/a	115535	22302
451.3085937500	n/a	115535	22302
451.5585937500	n/a	115599	22301
451.5585937500	n/a	115599	22302
451.5585937500	n/a	115599	22301
451.8085937500	n/a	115663	22101
451.8085937500	n/a	115663	22302
451.8085937500	n/a	115663	22302
451.8085937500	n/a	115663	22302
451.9101562500	n/a	115689	43432
452.0585937500	n/a	115727	22102
452.0585937500	n/a	115727	22101
452.0585937500	n/a	115727	22301
452.0585937500	n/a	115727	22301
452.3085937500	n/a	115791	22101
452.3085937500	n/a	115791	22501
452.3085937500	n/a	115791	22102
452.3085937500	n/a	115791	22301
452.3085937500	n/a	115791	22302
452.3085937500	n/a	115791	22302
452.3085937500	n/a	115791	22302
452.3085937500	n/a	115791	22302
452.3085937500	n/a	115791	22102
452.3085937500	n/a	115791	22502
452.5000000000	n/a	115840	43331
452.5585937500	n/a	115855	22501
452.5585937500	n/a	115855	22501
452.5585937500	n/a	115855	22302
452.5585937500	n/a	115855	22302
452.5585937500	n/a	115855	22502
452.5585937500	n/a	115855	22502
452.5585937500	n/a	115855	22302
452.5585937500	n/a	115855	22301
452.5585937500	n/a	115855	22302
452.5585937500	n/a	115855	22301
452.5585937500	n/a	115855	22101
452.5585937500	n/a	115855	22501
452.8085937500	n/a	115919	22301
452.8085937500	n/a	115919	22502
452.8085937500	n/a	115919	22301
452.8085937500	n/a	115919	22301
452.8085937500	n/a	115919	22101
452.8085937500	n/a	115919	22102
452.8203125000	n/a	115922	43332
452.9335937500	n/a	115951	43411
452.9648437500	n/a	115959	12201
453.0585937500	n/a	115983	22301
453.0585937500	n/a	115983	22302
453.0585937500	n/a	115983	22501
453.2617187500	n/a	116035	32000
453.3085937500	n/a	116047	22502
453.8085937500	n/a	116175	22102
453.8085937500	n/a	116175	22301
454.3085937500	n/a	116303	22301
454.3085937500	n/a	116303	22501
454.5585937500	n/a	116367	22302
454.5585937500	n/a	116367	22302
454.5585937500	n/a	116367	22302
454.8085937500	n/a	116431	22301
455.0585937500	n/a	116495	22502
455.3085937500	n/a	116559	22301
455.5585937500	n/a	116623	22302
455.5585937500	n/a	116623	22501
456.5585937500	n/a	116879	22301
456.5585937500	n/a	116879	22301
456.5585937500	n/a	116879	22302
456.6992187500	n/a	116915	32000
456.8085937500	n/a	116943	22301
456.8085937500	n/a	116943	22302
456.8085937500	n/a	116943	22201
456.8085937500	n/a	116943	22302
457.0585937500	n/a	117007	22301
457.0585937500	n/a	117007	22501
457.0585937500	n/a	117007	22502
457.0585937500	n/a	117007	22301
457.0585937500	n/a	117007	22302
457.3085937500	n/a	117071	22301
457.3085937500	n/a	117071	22101
457.3085937500	n/a	117071	22502
457.3085937500	n/a	117071	22502
457.3085937500	n/a	117071	22501
457.5585937500	n/a	117135	22501
457.5585937500	n/a	117135	22301
457.5585937500	n/a	117135	22301
457.5585937500	n/a	117135	22102
457.8085937500	n/a	117199	22501
457.8085937500	n/a	117199	22102
458.0117187500	n/a	117251	32000
458.0585937500	n/a	117263	22502
458.0585937500	n/a	117263	22101
458.0585937500	n/a	117263	22501
458.0585937500	n/a	117263	22302
458.0585937500	n/a	117263	22502
458.1992187500	n/a	117299	32000
458.3085937500	n/a	117327	22102
458.3085937500	n/a	117327	22101
458.3085937500	n/a	117327	22102
458.3085937500	n/a	117327	22501
458.3085937500	n/a	117327	22501
458.3085937500	n/a	117327	22502
458.3085937500	n/a	117327	22302
458.3085937500	n/a	117327	22302
458.3085937500	n/a	117327	22502
458.3085937500	n/a	117327	22101
458.5585937500	n/a	117391	22302
458.5585937500	n/a	117391	22502
458.5585937500	n/a	117391	22302
458.8085937500	n/a	117455	22302
458.8085937500	n/a	117455	22302
458.8085937500	n/a	117455	22301
458.8085937500	n/a	117455	22302
458.8085937500	n/a	117455	22502
458.8085937500	n/a	117455	22301
458.9101562500	n/a	117481	43412
459.0585937500	n/a	117519	22302
459.0585937500	n/a	117519	22301
459.0585937500	n/a	117519	22301
459.0585937500	n/a	117519	22101
459.0585937500	n/a	117519	22502
459.0585937500	n/a	117519	22301
459.0585937500	n/a	117519	22501
459.0585937500	n/a	117519	22301
459.0585937500	n/a	117519	22501
459.1132812500	n/a	117533	12202
459.3085937500	n/a	117583	22202
459.3085937500	n/a	117583	22301
459.3085937500	n/a	117583	22201
459.3085937500	n/a	117583	22501
459.3085937500	n/a	117583	22301
459.3085937500	n/a	117583	22501
459.5585937500	n/a	117647	22102
459.5585937500	n/a	117647	22501
459.5585937500	n/a	117647	22302
459.5585937500	n/a	117647	22301
459.7304687500	n/a	117691	42001
459.8085937500	n/a	117711	22502
459.8085937500	n/a	117711	22301
459.8085937500	n/a	117711	22102
459.8085937500	n/a	117711	22101
460.0585937500	n/a	117775	22101
460.0585937500	n/a	117775	22101
460.0585937500	n/a	117775	22501
460.0585937500	n/a	117775	22302
460.0585937500	n/a	117775	22102
460.0585937500	n/a	117775	22502
460.2695312500	n/a	117829	43311
460.3085937500	n/a	117839	22102
460.3085937500	n/a	117839	22301
460.3085937500	n/a	117839	22102
460.3085937500	n/a	117839	22301
460.5585937500	n/a	117903	22102
460.5585937500	n/a	117903	22502
460.5585937500	n/a	117903	22502
460.5585937500	n/a	117903	22302
460.5585937500	n/a	117903	22501
460.8085937500	n/a	117967	22502
460.8085937500	n/a	117967	22302
460.8085937500	n/a	117967	22302
461.0585937500	n/a	118031	22101
461.0585937500	n/a	118031	22301
461.0585937500	n/a	118031	22302
461.3085937500	n/a	118095	22102
461.3085937500	n/a	118095	22301
461.3085937500	n/a	118095	22301
461.3085937500	n/a	118095	22302
461.5585937500	n/a	118159	22502
461.6210937500	n/a	118175	43312
461.8085937500	n/a	118223	22302
461.8085937500	n/a	118223	22301
461.8085937500	n/a	118223	22301
462.0585937500	n/a	118287	22502
462.0585937500	n/a	118287	22302
462.3085937500	n/a	118351	22302
462.3085937500	n/a	118351	22502
462.4414062500	n/a	118385	32000
462.5585937500	n/a	118415	22302
462.7109375000	n/a	118454	43461
462.7109375000	n/a	118454	45301
462.8085937500	n/a	118479	22302
462.8085937500	n/a	118479	22501
462.8085937500	n/a	118479	22302
463.0585937500	n/a	118543	22301
463.2617187500	n/a	118595	12101
463.3085937500	n/a	118607	22301
463.3085937500	n/a	118607	22301
463.3203125000	n/a	118610	43401
463.8085937500	n/a	118735	22302
463.8085937500	n/a	118735	22202
463.8085937500	n/a	118735	22301
464.0585937500	n/a	118799	22201
464.0585937500	n/a	118799	22301
464.0703125000	n/a	118802	43462
464.0703125000	n/a	118802	45302
464.1562500000	n/a	118824	33100
464.1601562500	n/a	118825	42002
464.3085937500	n/a	118863	22302
464.5585937500	n/a	118927	22501
465.0585937500	n/a	119055	22302
465.3085937500	n/a	119119	22202
465.3085937500	n/a	119119	22302
465.5390625000	n/a	119178	32000
465.5585937500	n/a	119183	22302
465.5585937500	n/a	119183	22301
465.5585937500	n/a	119183	22201
465.8085937500	n/a	119247	22301
465.8085937500	n/a	119247	22302
465.8085937500	n/a	119247	22301
466.0585937500	n/a	119311	22301
466.0585937500	n/a	119311	22302
466.3085937500	n/a	119375	22502
467.0585937500	n/a	119567	22301
467.0585937500	n/a	119567	22202
467.3085937500	n/a	119631	22502
467.3085937500	n/a	119631	22302
467.5585937500	n/a	119695	22501
467.6875000000	n/a	119728	43431
467.8085937500	n/a	119759	22302
467.8085937500	n/a	119759	22302
468.3085937500	n/a	119887	22101
468.3085937500	n/a	119887	22201
468.3203125000	n/a	119890	32000
468.3281250000	n/a	119892	43402
468.5585937500	n/a	119951	22102
469.0585937500	n/a	120079	22301
469.3085937500	n/a	120143	22101
469.5585937500	n/a	120207	22502
469.8085937500	n/a	120271	22501
469.8085937500	n/a	120271	22501
470.2968750000	n/a	120396	43432
470.8085937500	n/a	120527	22502
471.0585937500	n/a	120591	22302
471.0585937500	n/a	120591	22301
471.0585937500	n/a	120591	22102
471.3085937500	n/a	120655	22302
471.3085937500	n/a	120655	22301
472.0585937500	n/a	120847	22502
472.3085937500	n/a	120911	22302
472.3203125000	n/a	120914	32000
472.5585937500	n/a	120975	22301
473.0585937500	n/a	121103	22501
473.1054687500	n/a	121115	43301
473.3085937500	n/a	121167	22302
473.3085937500	n/a	121167	22302
473.3085937500	n/a	121167	22301
473.5585937500	n/a	121231	22302
473.8085937500	n/a	121295	22301
474.5585937500	n/a	121487	22301
474.5585937500	n/a	121487	22302
474.5585937500	n/a	121487	22301
475.2539062500	n/a	121665	43302
475.2617187500	n/a	121667	12102
475.5585937500	n/a	121743	22302
475.5585937500	n/a	121743	22301
475.5585937500	n/a	121743	22302
475.7617187500	n/a	121795	32000
475.8085937500	n/a	121807	22302
476.3085937500	n/a	121935	22301
476.5585937500	n/a	121999	22301
476.5585937500	n/a	121999	22302
476.6992187500	n/a	122035	32000
476.8085937500	n/a	122063	22302
477.0585937500	n/a	122127	22301
477.5585937500	n/a	122255	22301
477.8085937500	n/a	122319	22302
478.0585937500	n/a	122383	22501
478.0585937500	n/a	122383	22301
478.0585937500	n/a	122383	22301
478.3085937500	n/a	122447	22302
478.3085937500	n/a	122447	22502
478.5585937500	n/a	122511	22301
478.5585937500	n/a	122511	22302
479.0585937500	n/a	122639	22301
479.3085937500	n/a	122703	22302
479.3085937500	n/a	122703	22302
479.3085937500	n/a	122703	22302
479.5585937500	n/a	122767	22302
479.5585937500	n/a	122767	22302
479.5742187500	n/a	122771	43431
479.8085937500	n/a	122831	22301
479.8085937500	n/a	122831	22202
480.0585937500	n/a	122895	22301
480.0585937500	n/a	122895	22301
480.0585937500	n/a	122895	22302
480.8085937500	n/a	123087	22502
481.0585937500	n/a	123151	22302
481.0585937500	n/a	123151	22501
481.0585937500	n/a	123151	22301
481.3085937500	n/a	123215	22301
481.5585937500	n/a	123279	22501
481.5585937500	n/a	123279	22302
481.8085937500	n/a	123343	22301
481.8085937500	n/a	123343	22502
481.8085937500	n/a	123343	22302
482.3515625000	n/a	123482	32000
483.3242187500	n/a	123731	43432
484.3085937500	n/a	123983	22301
484.3085937500	n/a	123983	22302
485.4843750000	n/a	124284	43331
485.5585937500	n/a	124303	22301
485.8085937500	n/a	124367	22302
485.8632812500	n/a	124381	43332
486.0585937500	n/a	124431	22302
486.3085937500	n/a	124495	22301
486.3085937500	n/a	124495	22301
486.8515625000	n/a	124634	32000
487.5585937500	n/a	124815	22302
487.8085937500	n/a	124879	22301
488.5585937500	n/a	125071	22302
488.8085937500	n/a	125135	22302
489.0585937500	n/a	125199	22301
489.5585937500	n/a	125327	22502
489.5585937500	n/a	125327	22302
490.0585937500	n/a	125455	22101
490.3085937500	n/a	125519	22302
490.3085937500	n/a	125519	22102
490.3085937500	n/a	125519	22301
490.5585937500	n/a	125583	22101
490.5585937500	n/a	125583	22301
491.3085937500	n/a	125775	22301
491.5585937500	n/a	125839	22102
491.7109375000	n/a	125878	43461
491.7109375000	n/a	125878	45301
491.8085937500	n/a	125903	22302
491.8085937500	n/a	125903	22301
492.6914062500	n/a	126129	32000
492.7578125000	n/a	126146	42001
492.8085937500	n/a	126159	22302
492.8085937500	n/a	126159	22302
492.9023437500	n/a	126183	43441
492.9609375000	n/a	126198	12201
493.0585937500	n/a	126223	22301
494.0585937500	n/a	126479	43462
494.0585937500	n/a	126479	45302
494.5585937500	n/a	126607	22101
494.5585937500	n/a	126607	33100
494.6210937500	n/a	126623	32000
494.7578125000	n/a	126658	42002
495.0703125000	n/a	126738	32000
495.5585937500	n/a	126863	22301
496.0585937500	n/a	126991	22102
496.0585937500	n/a	126991	33100
497.0585937500	n/a	127247	22501
497.3085937500	n/a	127311	22101
497.8085937500	n/a	127439	22501
497.8671875000	n/a	127454	43442
498.0117187500	n/a	127491	12202
498.0585937500	n/a	127503	22302
498.0585937500	n/a	127503	22101
498.0585937500	n/a	127503	22502
498.8984375000	n/a	127718	43241
499.5585937500	n/a	127887	22302
499.8085937500	n/a	127951	22302
499.8085937500	n/a	127951	22301
499.9375000000	n/a	127984	43242
500.0546875000	n/a	128014	22301
500.7890625000	n/a	128202	12201
500.8867187500	n/a	128227	43451
501.0546875000	n/a	128270	22302
501.3085937500	n/a	128335	12101
501.3984375000	n/a	128358	43401
501.5546875000	n/a	128398	22301
501.7695312500	n/a	128453	43431
501.8046875000	n/a	128462	22302
502.0976562500	n/a	128537	43432
502.3046875000	n/a	128590	22301
502.3046875000	n/a	128590	22102
503.4687500000	n/a	128888	32000
504.0546875000	n/a	129038	22301
504.8046875000	n/a	129230	22302
504.8046875000	n/a	129230	22101
505.0546875000	n/a	129294	22001
505.0546875000	n/a	129294	22001
505.0546875000	n/a	129294	22001
505.0546875000	n/a	129294	22601
505.0546875000	n/a	129294	22501
505.0546875000	n/a	129294	22102
505.3046875000	n/a	129358	22601
505.3046875000	n/a	129358	22502
505.5546875000	n/a	129422	22002
505.7265625000	n/a	129466	43441
505.8085937500	n/a	129487	43402
505.9101562500	n/a	129513	32000
506.0546875000	n/a	129550	22601
506.0546875000	n/a	129550	22102
506.3046875000	n/a	129614	22602
506.3046875000	n/a	129614	22501
506.3046875000	n/a	129614	22101
506.5351562500	n/a	129673	43442
506.5546875000	n/a	129678	22502
506.5546875000	n/a	129678	22302
506.5546875000	n/a	129678	22301
506.7617187500	n/a	129731	12202
506.7851562500	n/a	129737	43452
506.8046875000	n/a	129742	22302
506.8046875000	n/a	129742	22302
506.8046875000	n/a	129742	22502
506.8046875000	n/a	129742	22301
506.8046875000	n/a	129742	22301
506.8046875000	n/a	129742	22501
507.0546875000	n/a	129806	22302
507.0546875000	n/a	129806	22302
507.0546875000	n/a	129806	22301
507.0546875000	n/a	129806	22301
507.5000000000	n/a	129920	32000
507.5546875000	n/a	129934	22302
507.5546875000	n/a	129934	22502
507.8046875000	n/a	129998	22301
507.8046875000	n/a	129998	22101
507.8046875000	n/a	129998	22302
507.9960937500	n/a	130047	43301
508.0546875000	n/a	130062	22102
508.0546875000	n/a	130062	22302
508.1289062500	n/a	130081	42001
508.3046875000	n/a	130126	22302
508.5546875000	n/a	130190	22102
508.8046875000	n/a	130254	22601
509.0468750000	n/a	130316	43341
509.0546875000	n/a	130318	22002
509.0546875000	n/a	130318	22002
509.0546875000	n/a	130318	22602
509.0546875000	n/a	130318	22602
509.0546875000	n/a	130318	22001
509.3046875000	n/a	130382	22602
509.3046875000	n/a	130382	22001
509.3046875000	n/a	130382	22001
509.3046875000	n/a	130382	22601
509.3046875000	n/a	130382	22601
509.5546875000	n/a	130446	22601
509.8046875000	n/a	130510	22302
510.0546875000	n/a	130574	22301
510.0546875000	n/a	130574	22602
510.2343750000	n/a	130620	43302
510.3085937500	n/a	130639	12102
510.4257812500	n/a	130669	43342
510.5000000000	n/a	130688	32000
510.5312500000	n/a	130696	42002
510.8046875000	n/a	130766	22301
510.8554687500	n/a	130779	43201
511.5546875000	n/a	130958	22601
511.6367187500	n/a	130979	43202
511.8632812500	n/a	131037	43251
513.5546875000	n/a	131470	22602
514.0546875000	n/a	131598	22601
514.6093750000	n/a	131740	11112
515.8046875000	n/a	132046	22602
516.0312500000	n/a	132104	42001
516.0625000000	n/a	132112	43252
516.3046875000	n/a	132174	22002
516.3046875000	n/a	132174	22601
516.4257812500	n/a	132205	43351
516.8828125000	n/a	132322	43551
517.0546875000	n/a	132366	22002
517.5546875000	n/a	132494	22602
517.8046875000	n/a	132558	22001
517.8125000000	n/a	132560	43352
518.4414062500	n/a	132721	11111
518.5546875000	n/a	132750	22001
518.7578125000	n/a	132802	32000
519.0546875000	n/a	132878	22601
519.7226562500	n/a	133049	43552
519.8203125000	n/a	133074	42002
520.3046875000	n/a	133198	22001
520.3046875000	n/a	133198	22002
520.5546875000	n/a	133262	22602
521.1210937500	n/a	133407	43451
521.2460937500	n/a	133439	12201
521.8046875000	n/a	133582	22601
523.8046875000	n/a	134094	22602
524.3046875000	n/a	134222	22301
524.3046875000	n/a	134222	22302
525.0546875000	n/a	134414	22302
525.3046875000	n/a	134478	22002
525.3046875000	n/a	134478	22301
525.5546875000	n/a	134542	22001
526.0546875000	n/a	134670	22601
526.5546875000	n/a	134798	22001
526.8046875000	n/a	134862	22302
526.9804687500	n/a	134907	43452
527.0546875000	n/a	134926	22301
527.2148437500	n/a	134967	12202
527.3046875000	n/a	134990	22602
527.3984375000	n/a	135014	32000
527.5546875000	n/a	135054	22002
527.8046875000	n/a	135118	22302
527.8046875000	n/a	135118	22301
527.8710937500	n/a	135135	43431
528.3046875000	n/a	135246	22002
528.3046875000	n/a	135246	22302
528.5390625000	n/a	135306	43432
528.5546875000	n/a	135310	22001
528.7578125000	n/a	135362	41504
529.0546875000	n/a	135438	12201
529.0546875000	n/a	135438	22001
529.1718750000	n/a	135468	43221
529.2304687500	n/a	135483	42001
529.3046875000	n/a	135502	22302
529.4609375000	n/a	135542	43351
529.5546875000	n/a	135566	22002
529.8046875000	n/a	135630	22001
529.8046875000	n/a	135630	22002
530.0546875000	n/a	135694	22301
530.5546875000	n/a	135822	22001
530.5546875000	n/a	135822	22002
530.8046875000	n/a	135886	22001
530.8046875000	n/a	135886	22301
531.0546875000	n/a	135950	22601
531.0546875000	n/a	135950	22602
531.0546875000	n/a	135950	22001
531.3046875000	n/a	136014	22602
531.3046875000	n/a	136014	22301
531.5546875000	n/a	136078	22601
531.5546875000	n/a	136078	22002
531.6015625000	n/a	136090	43352
531.6289062500	n/a	136097	42002
531.8046875000	n/a	136142	22602
531.8046875000	n/a	136142	22601
531.8046875000	n/a	136142	22601
532.7304687500	n/a	136379	42001
532.7382812500	n/a	136381	11112
532.7382812500	n/a	136381	31142
532.7382812500	n/a	136381	31151
532.7382812500	n/a	136381	46220
532.9375000000	n/a	136432	12202
533.0546875000	n/a	136462	22602
533.0546875000	n/a	136462	22002
533.0546875000	n/a	136462	22601
533.1093750000	n/a	136476	43222
533.5546875000	n/a	136590	22002
533.8046875000	n/a	136654	22602
533.8906250000	n/a	136676	43421
534.9687500000	n/a	136952	12101
534.9882812500	n/a	136957	43401
535.5546875000	n/a	137102	22601
535.5546875000	n/a	137102	22001
535.5546875000	n/a	137102	22602
536.3046875000	n/a	137294	22601
536.3046875000	n/a	137294	22001
537.3046875000	n/a	137550	22602
537.3046875000	n/a	137550	22601
537.5546875000	n/a	137614	22602
538.3046875000	n/a	137806	22601
539.0546875000	n/a	137998	22602
539.3281250000	n/a	138068	43422
539.4101562500	n/a	138089	42002
539.8046875000	n/a	138190	22602
539.8046875000	n/a	138190	22601
539.8046875000	n/a	138190	22302
540.0546875000	n/a	138254	22601
540.6562500000	n/a	138408	43402
540.8046875000	n/a	138446	22002
540.8046875000	n/a	138446	22602
540.9375000000	n/a	138480	43421
541.0546875000	n/a	138510	22601
541.0859375000	n/a	138518	12201
541.5546875000	n/a	138638	22602
541.5546875000	n/a	138638	22601
541.8046875000	n/a	138702	22601
541.8046875000	n/a	138702	22602
542.3046875000	n/a	138830	22002
543.0546875000	n/a	139022	22501
543.5546875000	n/a	139150	22001
543.8046875000	n/a	139214	22002
543.9843750000	n/a	139260	43301
544.0390625000	n/a	139274	32000
544.3046875000	n/a	139342	22601
544.5546875000	n/a	139406	22602
544.8046875000	n/a	139470	22001
545.3046875000	n/a	139598	22002
546.3046875000	n/a	139854	43422
546.3046875000	n/a	139854	22001
546.3046875000	n/a	139854	22602
546.4960937500	n/a	139903	12202
546.8359375000	n/a	139990	43302
546.9687500000	n/a	140024	12102
547.0546875000	n/a	140046	22002
547.1289062500	n/a	140065	42001
547.5859375000	n/a	140182	43321
548.0546875000	n/a	140302	22001
548.3046875000	n/a	140366	22002
548.8046875000	n/a	140494	22601
548.8046875000	n/a	140494	22602
548.9140625000	n/a	140522	43322
548.9531250000	n/a	140532	43441
548.9531250000	n/a	140532	44231
549.5546875000	n/a	140686	22601
550.0546875000	n/a	140814	22602
551.3046875000	n/a	141134	22602
551.5546875000	n/a	141198	22601
552.0546875000	n/a	141326	22602
552.5546875000	n/a	141454	22601
553.4375000000	n/a	141680	32000
553.7500000000	n/a	141760	32000
554.0546875000	n/a	141838	22601
554.3046875000	n/a	141902	22602
554.5546875000	n/a	141966	22601
554.5546875000	n/a	141966	22602
555.9531250000	n/a	142324	43442
555.9531250000	n/a	142324	44232
556.0546875000	n/a	142350	22501
556.4375000000	n/a	142448	32000
556.7187500000	n/a	142520	42002
557.9296875000	n/a	142830	12201
557.9804687500	n/a	142843	43341
558.0546875000	n/a	142862	22601
558.3828125000	n/a	142946	12202
558.4335937500	n/a	142959	43342
559.3046875000	n/a	143182	22602
559.3046875000	n/a	143182	22601
560.0546875000	n/a	143374	22602
560.0546875000	n/a	143374	22602
560.8046875000	n/a	143566	22501
562.3046875000	n/a	143950	22502
562.8046875000	n/a	144078	22501
563.5546875000	n/a	144270	22601
563.8046875000	n/a	144334	22501
564.5546875000	n/a	144526	22502
565.5703125000	n/a	144786	12101
565.6210937500	n/a	144799	43201
565.8046875000	n/a	144846	22601
565.8046875000	n/a	144846	22601
565.8984375000	n/a	144870	43421
566.0546875000	n/a	144910	12201
566.0546875000	n/a	144910	22602
567.3046875000	n/a	145230	22602
567.3046875000	n/a	145230	22601
567.5546875000	n/a	145294	22302
567.8046875000	n/a	145358	22601
568.3046875000	n/a	145486	22602
568.3046875000	n/a	145486	22602
569.5000000000	n/a	145792	32000
569.5546875000	n/a	145806	22601
569.7070312500	n/a	145845	43422
569.8046875000	n/a	145870	22601
569.8046875000	n/a	145870	22602
569.9101562500	n/a	145897	43202
569.9101562500	n/a	145897	32000
569.9843750000	n/a	145916	12202
570.9375000000	n/a	146160	32000
571.3984375000	n/a	146278	42001
571.7265625000	n/a	146362	43321
571.8046875000	n/a	146382	22602
572.0546875000	n/a	146446	22601
572.3046875000	n/a	146510	22602
573.0546875000	n/a	146702	22602
573.3046875000	n/a	146766	22601
573.5546875000	n/a	146830	22602
574.3046875000	n/a	147022	22601
574.5546875000	n/a	147086	22602
574.7773437500	n/a	147143	43301
574.8046875000	n/a	147150	22601
574.9179687500	n/a	147179	43322
575.0546875000	n/a	147214	22602
575.2187500000	n/a	147256	42002
575.4492187500	n/a	147315	43431
576.3046875000	n/a	147534	22601
576.5546875000	n/a	147598	22602
577.3046875000	n/a	147790	22602
577.5546875000	n/a	147854	22601
577.5585937500	n/a	147855	43302
577.5703125000	n/a	147858	12102
577.7187500000	n/a	147896	11111
577.7187500000	n/a	147896	31152
577.7187500000	n/a	147896	31161
577.9648437500	n/a	147959	43432
578.0546875000	n/a	147982	22601
578.0546875000	n/a	147982	22601
578.0546875000	n/a	147982	22602
578.8046875000	n/a	148174	22002
579.0546875000	n/a	148238	22602
579.8046875000	n/a	148430	22502
580.0546875000	n/a	148494	22002
580.0546875000	n/a	148494	22501
580.0546875000	n/a	148494	22001
580.1289062500	n/a	148513	32000
580.3046875000	n/a	148558	22601
580.3046875000	n/a	148558	22002
580.3046875000	n/a	148558	22001
580.5546875000	n/a	148622	22001
580.8046875000	n/a	148686	22601
580.8046875000	n/a	148686	22502
581.0000000000	n/a	148736	32000
581.0546875000	n/a	148750	22501
581.3046875000	n/a	148814	22301
581.3046875000	n/a	148814	22502
581.5546875000	n/a	148878	22002
581.5546875000	n/a	148878	22001
581.5546875000	n/a	148878	22001
581.8046875000	n/a	148942	22602
582.0546875000	n/a	149006	22602
582.0546875000	n/a	149006	22002
582.0546875000	n/a	149006	22601
582.3046875000	n/a	149070	22002
582.3046875000	n/a	149070	22602
582.3046875000	n/a	149070	22002
582.5546875000	n/a	149134	22601
582.8046875000	n/a	149198	22501
582.8046875000	n/a	149198	22302
583.0546875000	n/a	149262	22501
583.0546875000	n/a	149262	22001
583.3046875000	n/a	149326	22501
583.3046875000	n/a	149326	22501
583.3046875000	n/a	149326	22001
583.3046875000	n/a	149326	22002
583.5546875000	n/a	149390	22502
583.5546875000	n/a	149390	22502
583.6875000000	n/a	149424	32000
583.8046875000	n/a	149454	22502
583.8046875000	n/a	149454	22101
583.8046875000	n/a	149454	22501
583.8554687500	n/a	149467	33100
584.0546875000	n/a	149518	22501
584.0546875000	n/a	149518	22501
584.0546875000	n/a	149518	22002
584.3046875000	n/a	149582	22101
584.3046875000	n/a	149582	22302
584.3046875000	n/a	149582	22502
584.5546875000	n/a	149646	22102
584.5546875000	n/a	149646	22502
584.5546875000	n/a	149646	22502
584.5546875000	n/a	149646	22501
584.8046875000	n/a	149710	22001
584.8046875000	n/a	149710	22001
584.8046875000	n/a	149710	22602
584.8046875000	n/a	149710	22501
585.0546875000	n/a	149774	22601
585.3046875000	n/a	149838	22502
585.3046875000	n/a	149838	22002
585.3046875000	n/a	149838	22001
585.3046875000	n/a	149838	22502
585.3046875000	n/a	149838	22502
585.4687500000	n/a	149880	32000
585.5000000000	n/a	149888	32000
585.5546875000	n/a	149902	22201
585.5546875000	n/a	149902	22101
585.5546875000	n/a	149902	22501
585.5546875000	n/a	149902	22102
585.5546875000	n/a	149902	22602
585.8046875000	n/a	149966	22502
585.8046875000	n/a	149966	22101
585.8046875000	n/a	149966	22501
585.8046875000	n/a	149966	22501
585.8046875000	n/a	149966	22602
586.0546875000	n/a	150030	22502
586.0546875000	n/a	150030	22002
586.0546875000	n/a	150030	22001
586.3046875000	n/a	150094	22002
586.3046875000	n/a	150094	22601
586.5546875000	n/a	150158	22201
586.5546875000	n/a	150158	22002
586.5546875000	n/a	150158	22602
586.8046875000	n/a	150222	22501
586.8046875000	n/a	150222	22001
587.3046875000	n/a	150350	22002
587.8046875000	n/a	150478	22502
588.0546875000	n/a	150542	22502
590.0546875000	n/a	151054	22501
592.3046875000	n/a	151630	22102
592.8046875000	n/a	151758	22202
592.8046875000	n/a	151758	22202
593.0546875000	n/a	151822	22101
593.3046875000	n/a	151886	22101
593.3046875000	n/a	151886	22102
593.3046875000	n/a	151886	22501
593.3046875000	n/a	151886	22502
593.8046875000	n/a	152014	22501
594.3046875000	n/a	152142	22101
594.3046875000	n/a	152142	22502
594.7187500000	n/a	152248	42001
594.8046875000	n/a	152270	22102
594.8046875000	n/a	152270	22201
595.0546875000	n/a	152334	22201
595.0546875000	n/a	152334	22501
595.5546875000	n/a	152462	22501
595.9804687500	n/a	152571	43441
595.9804687500	n/a	152571	44311
596.0546875000	n/a	152590	22102
596.3632812500	n/a	152669	43451
596.4296875000	n/a	152686	12201
597.5546875000	n/a	152974	22502
598.3046875000	n/a	153166	22202
598.5546875000	n/a	153230	22202
599.2812500000	n/a	153416	43442
599.2812500000	n/a	153416	44312
599.6171875000	n/a	153502	42002
600.0546875000	n/a	153614	22501
600.8007812500	n/a	153805	43452
600.9804687500	n/a	153851	12202
601.4453125000	n/a	153970	41504
601.9296875000	n/a	154094	42001
602.1992187500	n/a	154163	43351
602.5546875000	n/a	154254	22502
603.3984375000	n/a	154470	43352
603.5273437500	n/a	154503	42002
603.8046875000	n/a	154574	22301
604.0546875000	n/a	154638	22301
604.0546875000	n/a	154638	22201
604.1796875000	n/a	154670	12101
604.2382812500	n/a	154685	43451
604.8046875000	n/a	154830	22302
604.8046875000	n/a	154830	22102
605.3046875000	n/a	154958	22301
605.5546875000	n/a	155022	22302
605.5546875000	n/a	155022	22301
605.8046875000	n/a	155086	22302
605.8046875000	n/a	155086	22202
605.8046875000	n/a	155086	22301
606.0546875000	n/a	155150	22301
606.3046875000	n/a	155214	22501
606.3046875000	n/a	155214	22101
606.5546875000	n/a	155278	22201
606.8046875000	n/a	155342	22202
607.0546875000	n/a	155406	22302
607.0546875000	n/a	155406	22201
607.0546875000	n/a	155406	22302
607.3046875000	n/a	155470	22502
607.3046875000	n/a	155470	22201
607.7695312500	n/a	155589	43452
607.7695312500	n/a	155589	12102
607.8046875000	n/a	155598	22001
608.0546875000	n/a	155662	22502
608.0546875000	n/a	155662	22302
608.6796875000	n/a	155822	43451
609.1640625000	n/a	155946	41504
609.5390625000	n/a	156042	43452
610.8046875000	n/a	156366	22502
611.0546875000	n/a	156430	22501
611.5546875000	n/a	156558	22502
611.5546875000	n/a	156558	22501
611.8046875000	n/a	156622	22501
612.0546875000	n/a	156686	22101
612.0546875000	n/a	156686	22502
612.0546875000	n/a	156686	22502
612.2265625000	n/a	156730	43001
612.3046875000	n/a	156750	22501
612.6953125000	n/a	156850	43002
613.0546875000	n/a	156942	22502
613.5546875000	n/a	157070	22501
613.8046875000	n/a	157134	22501
613.8046875000	n/a	157134	22501
614.0351562500	n/a	157193	43431
614.0546875000	n/a	157198	22501
614.0546875000	n/a	157198	22502
614.3046875000	n/a	157262	22101
614.3046875000	n/a	157262	22501
614.3046875000	n/a	157262	22202
614.3046875000	n/a	157262	22202
614.3046875000	n/a	157262	22002
614.3046875000	n/a	157262	22502
615.3046875000	n/a	157518	22102
615.8046875000	n/a	157646	22501
616.3046875000	n/a	157774	22502
616.3867187500	n/a	157795	43441
616.5546875000	n/a	157838	22501
617.3046875000	n/a	158030	22102
617.4218750000	n/a	158060	12201
617.8046875000	n/a	158158	22502
618.3046875000	n/a	158286	22201
618.5546875000	n/a	158350	22201
618.5546875000	n/a	158350	22001
618.8867187500	n/a	158435	43432
619.3046875000	n/a	158542	22102
619.3750000000	n/a	158560	43331
619.5664062500	n/a	158609	43332
619.8046875000	n/a	158670	22502
620.2382812500	n/a	158781	32000
620.3046875000	n/a	158798	22101
620.6054687500	n/a	158875	13211
621.4453125000	n/a	159090	43442
621.5546875000	n/a	159118	22501
621.6171875000	n/a	159134	42001
622.2539062500	n/a	159297	43441
622.2539062500	n/a	159297	44311
622.3046875000	n/a	159310	22501
622.5742187500	n/a	159379	12202
622.8046875000	n/a	159438	22102
623.0546875000	n/a	159502	22101
623.3046875000	n/a	159566	22502
624.5546875000	n/a	159886	22501
625.0546875000	n/a	160014	22501
625.0546875000	n/a	160014	22502
625.5546875000	n/a	160142	22102
625.8046875000	n/a	160206	22101
625.8046875000	n/a	160206	22502
626.3046875000	n/a	160334	22101
626.3437500000	n/a	160344	43442
626.3437500000	n/a	160344	44312
626.4140625000	n/a	160362	43101
626.4335937500	n/a	160367	43441
626.4335937500	n/a	160367	44311
626.9921875000	n/a	160510	43102
627.8671875000	n/a	160734	32000
628.3046875000	n/a	160846	22501
629.0546875000	n/a	161038	22501
629.0546875000	n/a	161038	22502
629.3046875000	n/a	161102	22301
629.3398437500	n/a	161111	42002
629.4023437500	n/a	161127	43442
629.4023437500	n/a	161127	44312
629.8046875000	n/a	161230	22301
630.0546875000	n/a	161294	22102
631.0546875000	n/a	161550	22302
631.0546875000	n/a	161550	22501
631.3046875000	n/a	161614	22301
631.5546875000	n/a	161678	22302
632.0546875000	n/a	161806	22301
632.3046875000	n/a	161870	22101
633.0546875000	n/a	162062	22102
633.3046875000	n/a	162126	22502
633.4296875000	n/a	162158	12201
633.4921875000	n/a	162174	43341
633.8789062500	n/a	162273	12202
633.9414062500	n/a	162289	43342
634.3046875000	n/a	162382	22501
634.5546875000	n/a	162446	22502
635.1171875000	n/a	162590	32000
635.2968750000	n/a	162636	32000
635.5703125000	n/a	162706	43431
635.8046875000	n/a	162766	22101
635.8046875000	n/a	162766	22502
635.8046875000	n/a	162766	22302
636.3046875000	n/a	162894	22501
636.8046875000	n/a	163022	22502
637.3046875000	n/a	163150	22501
637.8046875000	n/a	163278	22301
638.0546875000	n/a	163342	22301
638.3046875000	n/a	163406	22302
638.5546875000	n/a	163470	22301
638.5546875000	n/a	163470	22302
638.8046875000	n/a	163534	22302
638.8046875000	n/a	163534	22302
639.0546875000	n/a	163598	22301
639.2812500000	n/a	163656	43432
639.3046875000	n/a	163662	22302
639.3046875000	n/a	163662	22301
639.5546875000	n/a	163726	22302
640.3046875000	n/a	163918	22102
640.3046875000	n/a	163918	22301
640.5546875000	n/a	163982	22502
640.8046875000	n/a	164046	22302
643.3398437500	n/a	164695	32000
643.5546875000	n/a	164750	22201
643.8984375000	n/a	164838	12101
644.0000000000	n/a	164864	43401
646.8046875000	n/a	165582	22002
647.0546875000	n/a	165646	22001
647.1562500000	n/a	165672	43402
647.1601562500	n/a	165673	12102
647.3046875000	n/a	165710	22201
647.3046875000	n/a	165710	22202
647.3046875000	n/a	165710	22202
647.5546875000	n/a	165774	22201
647.5546875000	n/a	165774	22202
647.8046875000	n/a	165838	22201
649.2187500000	n/a	166200	32000
649.6171875000	n/a	166302	32000
650.7500000000	n/a	166592	32000
651.0546875000	n/a	166670	22202
651.3046875000	n/a	166734	22202
651.3046875000	n/a	166734	22202
651.3046875000	n/a	166734	22002
651.3046875000	n/a	166734	22201
651.5546875000	n/a	166798	22201
651.5546875000	n/a	166798	22201
651.5546875000	n/a	166798	22001
652.5273437500	n/a	167047	32000
653.8671875000	n/a	167390	32000
654.8046875000	n/a	167630	22202
655.0234375000	n/a	167686	43431
655.0546875000	n/a	167694	22202
655.0585937500	n/a	167695	32000
655.5546875000	n/a	167822	22202
656.0546875000	n/a	167950	22002
656.1054687500	n/a	167963	43432
656.8046875000	n/a	168142	22502
657.3046875000	n/a	168270	22201
657.3046875000	n/a	168270	22201
657.5546875000	n/a	168334	22201
658.0546875000	n/a	168462	22001
663.0546875000	n/a	169742	22202
667.4726562500	n/a	170873	43431
669.3398437500	n/a	171351	32000
669.6523437500	n/a	171431	43432
670.4296875000	n/a	171630	12201
670.4296875000	n/a	171630	43451
672.3671875000	n/a	172126	12101
672.4882812500	n/a	172157	43201
672.5546875000	n/a	172174	22401
672.8046875000	n/a	172238	22402
673.3046875000	n/a	172366	22401
673.6484375000	n/a	172454	32000
674.8046875000	n/a	172750	22202
674.8046875000	n/a	172750	22202
674.8046875000	n/a	172750	22002
674.8046875000	n/a	172750	22201
674.8046875000	n/a	172750	22201
674.8046875000	n/a	172750	22001
675.0546875000	n/a	172814	22102
675.0546875000	n/a	172814	22502
675.0546875000	n/a	172814	22502
675.0546875000	n/a	172814	22502
675.0546875000	n/a	172814	22502
675.0546875000	n/a	172814	22501
675.0546875000	n/a	172814	22501
675.0546875000	n/a	172814	22501
675.5546875000	n/a	172942	22002
675.8046875000	n/a	173006	22202
676.0546875000	n/a	173070	41504
676.0546875000	n/a	173070	22202
676.3046875000	n/a	173134	22201
676.3046875000	n/a	173134	22502
676.3046875000	n/a	173134	22502
676.3984375000	n/a	173158	43452
676.3984375000	n/a	173158	12202
676.5546875000	n/a	173198	22402
676.5546875000	n/a	173198	22401
676.5546875000	n/a	173198	22201
676.5546875000	n/a	173198	22202
676.8046875000	n/a	173262	22202
676.8046875000	n/a	173262	22501
676.8085937500	n/a	173263	43202
677.0546875000	n/a	173326	22502
677.0546875000	n/a	173326	22502
677.3671875000	n/a	173406	42001
677.7382812500	n/a	173501	43351
678.1484375000	n/a	173606	32000
678.6484375000	n/a	173734	32000
678.9101562500	n/a	173801	43352
678.9375000000	n/a	173808	43461
678.9375000000	n/a	173808	45301
679.3046875000	n/a	173902	22301
679.5546875000	n/a	173966	22301
679.6796875000	n/a	173998	32000
679.9960937500	n/a	174079	43462
679.9960937500	n/a	174079	45302
680.3046875000	n/a	174158	22302
680.7695312500	n/a	174277	43451
681.0546875000	n/a	174350	22302
681.3046875000	n/a	174414	22301
681.3046875000	n/a	174414	22301
681.5781250000	n/a	174484	43301
681.9062500000	n/a	174568	33100
681.9570312500	n/a	174581	43452
682.0468750000	n/a	174604	42002
682.0546875000	n/a	174606	22001
682.5546875000	n/a	174734	22301
683.8046875000	n/a	175054	22302
684.0546875000	n/a	175118	22302
684.2578125000	n/a	175170	43431
684.3671875000	n/a	175198	12102
684.3984375000	n/a	175206	43302
685.2382812500	n/a	175421	43432
685.8046875000	n/a	175566	22302
685.8046875000	n/a	175566	22002
686.0546875000	n/a	175630	22001
687.0546875000	n/a	175886	22101
687.5546875000	n/a	176014	22002
687.9648437500	n/a	176119	43431
688.5546875000	n/a	176270	22301
690.3164062500	n/a	176721	43432
690.5859375000	n/a	176790	43331
690.8046875000	n/a	176846	22001
690.8554687500	n/a	176859	43332
691.5546875000	n/a	177038	22102
691.5546875000	n/a	177038	22101
692.7226562500	n/a	177337	43431
693.9531250000	n/a	177652	43432
694.1171875000	n/a	177694	32000
694.6171875000	n/a	177822	32000
694.8750000000	n/a	177888	43231
695.3046875000	n/a	177998	22301
696.0546875000	n/a	178190	22301
696.3046875000	n/a	178254	22001
696.3046875000	n/a	178254	22102
696.5546875000	n/a	178318	22101
696.5546875000	n/a	178318	22302
697.0546875000	n/a	178446	22002
697.0546875000	n/a	178446	22302
697.0546875000	n/a	178446	22301
697.0546875000	n/a	178446	22301
697.3359375000	n/a	178518	32000
697.5546875000	n/a	178574	22001
697.6523437500	n/a	178599	43232
698.0546875000	n/a	178702	22301
698.0546875000	n/a	178702	22301
698.3046875000	n/a	178766	22302
698.3242187500	n/a	178771	43331
698.6445312500	n/a	178853	43332
698.9570312500	n/a	178933	42001
699.4726562500	n/a	179065	43441
699.4726562500	n/a	179065	44321
700.3046875000	n/a	179278	22301
700.8046875000	n/a	179406	22301
701.0546875000	n/a	179470	22002
701.8046875000	n/a	179662	22401
701.8046875000	n/a	179662	22402
701.8046875000	n/a	179662	22001
702.5546875000	n/a	179854	22302
703.0546875000	n/a	179982	22302
703.0546875000	n/a	179982	22302
703.3046875000	n/a	180046	22301
703.5546875000	n/a	180110	22101
703.5546875000	n/a	180110	22102
703.5546875000	n/a	180110	22301
704.5546875000	n/a	180366	22302
704.8046875000	n/a	180430	22001
704.8046875000	n/a	180430	22301
704.9257812500	n/a	180461	12101
705.0195312500	n/a	180485	43201
705.0546875000	n/a	180494	22002
705.0546875000	n/a	180494	22301
705.3046875000	n/a	180558	22301
705.3046875000	n/a	180558	22302
705.3593750000	n/a	180572	32000
705.5546875000	n/a	180622	22402
705.5546875000	n/a	180622	22302
705.7968750000	n/a	180684	32000
705.8046875000	n/a	180686	22301
705.8046875000	n/a	180686	22302
705.8046875000	n/a	180686	22401
706.0546875000	n/a	180750	22002
706.5546875000	n/a	180878	22002
706.5546875000	n/a	180878	22301
706.5546875000	n/a	180878	22302
707.8046875000	n/a	181198	22102
707.8046875000	n/a	181198	22302
707.8046875000	n/a	181198	22001
707.8046875000	n/a	181198	22301
707.8046875000	n/a	181198	22301
708.0546875000	n/a	181262	22001
708.0546875000	n/a	181262	22302
708.3046875000	n/a	181326	22302
708.8046875000	n/a	181454	22301
708.8046875000	n/a	181454	22402
709.3046875000	n/a	181582	22301
709.3046875000	n/a	181582	22302
709.3085937500	n/a	181583	43202
709.5546875000	n/a	181646	22002
709.5546875000	n/a	181646	22302
710.1093750000	n/a	181788	42002
710.3476562500	n/a	181849	43442
710.3476562500	n/a	181849	44322
710.8046875000	n/a	181966	22301
711.0546875000	n/a	182030	22002
711.0546875000	n/a	182030	22302
711.0546875000	n/a	182030	22301
711.2382812500	n/a	182077	43341
711.3046875000	n/a	182094	22301
711.3359375000	n/a	182102	12201
711.5273437500	n/a	182151	11112
711.5273437500	n/a	182151	31162
711.5273437500	n/a	182151	31171
711.5273437500	n/a	182151	46320
711.5546875000	n/a	182158	22301
711.5546875000	n/a	182158	22302
711.6875000000	n/a	182192	43342
711.7851562500	n/a	182217	12202
711.8046875000	n/a	182222	22302
712.0546875000	n/a	182286	22501
712.0976562500	n/a	182297	43401
712.7695312500	n/a	182469	43402
713.0546875000	n/a	182542	22301
713.5546875000	n/a	182670	22301
713.6093750000	n/a	182684	42001
713.8046875000	n/a	182734	22302
713.8281250000	n/a	182740	43301
714.0546875000	n/a	182798	22302
714.2500000000	n/a	182848	43421
714.5546875000	n/a	182926	22301
714.8046875000	n/a	182990	22302
714.8046875000	n/a	182990	22302
714.8046875000	n/a	182990	22302
714.8046875000	n/a	182990	22301
715.0546875000	n/a	183054	22301
715.5546875000	n/a	183182	22302
715.5546875000	n/a	183182	22501
715.8046875000	n/a	183246	22301
715.8046875000	n/a	183246	22502
716.3046875000	n/a	183374	22501
716.5546875000	n/a	183438	22302
716.5546875000	n/a	183438	22301
716.5546875000	n/a	183438	22502
716.9257812500	n/a	183533	12102
716.9375000000	n/a	183536	43302
717.0546875000	n/a	183566	22301
717.3046875000	n/a	183630	22302
717.3046875000	n/a	183630	22502
717.7968750000	n/a	183756	32000
718.0546875000	n/a	183822	22301
718.3046875000	n/a	183886	22301
718.8046875000	n/a	184014	22302
719.0546875000	n/a	184078	22302
719.3046875000	n/a	184142	22301
720.0546875000	n/a	184334	22301
720.8046875000	n/a	184526	22302
720.9492187500	n/a	184563	32000
721.8046875000	n/a	184782	22301
722.5546875000	n/a	184974	22302
723.0156250000	n/a	185092	42002
723.1367187500	n/a	185123	43422
723.5546875000	n/a	185230	22301
724.0546875000	n/a	185358	22302
724.3046875000	n/a	185422	22302
724.6054687500	n/a	185499	43101
724.9765625000	n/a	185594	43102
725.1640625000	n/a	185642	12201
725.3046875000	n/a	185678	22301
725.4257812500	n/a	185709	43421
726.0546875000	n/a	185870	22302
727.0546875000	n/a	186126	22301
727.8046875000	n/a	186318	22302
728.8046875000	n/a	186574	22301
729.2734375000	n/a	186694	12202
729.5546875000	n/a	186766	22302
729.6445312500	n/a	186789	43422
730.1171875000	n/a	186910	42001
730.5546875000	n/a	187022	22301
730.8046875000	n/a	187086	43321
731.0546875000	n/a	187150	22301
731.3046875000	n/a	187214	22302
731.4882812500	n/a	187261	12101
731.5351562500	n/a	187273	43401
731.7382812500	n/a	187325	42002
731.7734375000	n/a	187334	43322
732.3046875000	n/a	187470	22301
733.0546875000	n/a	187662	22302
734.0546875000	n/a	187918	22001
734.0546875000	n/a	187918	22301
734.7656250000	n/a	188100	32000
734.8046875000	n/a	188110	22302
735.3046875000	n/a	188238	22302
735.5546875000	n/a	188302	22302
735.8046875000	n/a	188366	22301
736.0546875000	n/a	188430	22301
736.5546875000	n/a	188558	22302
736.8437500000	n/a	188632	43402
737.0546875000	n/a	188686	22301
737.5546875000	n/a	188814	22301
738.0546875000	n/a	188942	22302
738.3046875000	n/a	189006	22302
738.3046875000	n/a	189006	22302
738.3046875000	n/a	189006	22302
739.3046875000	n/a	189262	22301
739.5546875000	n/a	189326	22301
739.9140625000	n/a	189418	12201
739.9296875000	n/a	189422	43421
740.0546875000	n/a	189454	22302
740.5312500000	n/a	189576	43301
740.5546875000	n/a	189582	22302
741.0546875000	n/a	189710	22301
741.5546875000	n/a	189838	22301
741.8046875000	n/a	189902	22302
742.0546875000	n/a	189966	22302
742.3046875000	n/a	190030	22302
742.5546875000	n/a	190094	22301
742.8046875000	n/a	190158	22301
743.0546875000	n/a	190222	22002
743.0546875000	n/a	190222	22501
743.3046875000	n/a	190286	22301
743.4101562500	n/a	190313	43302
743.4882812500	n/a	190333	12102
743.5546875000	n/a	190350	22302
743.5703125000	n/a	190354	43422
743.6132812500	n/a	190365	12202
743.8046875000	n/a	190414	22301
744.0546875000	n/a	190478	22302
744.3554687500	n/a	190555	42001
744.5546875000	n/a	190606	22301
744.5546875000	n/a	190606	22301
744.8046875000	n/a	190670	22001
744.8046875000	n/a	190670	22302
744.9101562500	n/a	190697	43321
745.3046875000	n/a	190798	22301
745.3046875000	n/a	190798	22302
745.7656250000	n/a	190916	32000
746.3046875000	n/a	191054	22301
747.0546875000	n/a	191246	22302
747.5664062500	n/a	191377	11111
747.5664062500	n/a	191377	31172
747.5664062500	n/a	191377	31181
747.8554687500	n/a	191451	42002
747.8593750000	n/a	191452	43322
748.0546875000	n/a	191502	22301
748.0546875000	n/a	191502	22302
748.3046875000	n/a	191566	22301
748.3203125000	n/a	191570	43431
749.3046875000	n/a	191822	22101
749.5546875000	n/a	191886	22302
750.3046875000	n/a	192078	22001
750.3046875000	n/a	192078	22501
750.3281250000	n/a	192084	32000
750.8046875000	n/a	192206	22102
751.8046875000	n/a	192462	22002
751.8046875000	n/a	192462	22001
751.8046875000	n/a	192462	22502
752.2070312500	n/a	192565	43432
752.3046875000	n/a	192590	22302
752.3046875000	n/a	192590	22002
752.3046875000	n/a	192590	22301
752.8046875000	n/a	192718	22001
753.0546875000	n/a	192782	22101
753.5546875000	n/a	192910	22102
753.8046875000	n/a	192974	22302
753.8046875000	n/a	192974	22301
753.8046875000	n/a	192974	22101
753.8867187500	n/a	192995	12101
753.9375000000	n/a	193008	43451
754.0546875000	n/a	193038	22302
754.3046875000	n/a	193102	22301
754.5546875000	n/a	193166	22301
754.8046875000	n/a	193230	22102
755.3046875000	n/a	193358	22002
755.3046875000	n/a	193358	22302
755.5546875000	n/a	193422	22302
756.0546875000	n/a	193550	22302
756.3046875000	n/a	193614	22301
756.3046875000	n/a	193614	22101
756.5546875000	n/a	193678	22302
756.5546875000	n/a	193678	22102
756.8046875000	n/a	193742	22301
756.8046875000	n/a	193742	22302
756.8046875000	n/a	193742	22301
756.9882812500	n/a	193789	32000
757.0546875000	n/a	193806	22301
757.3046875000	n/a	193870	22002
757.5546875000	n/a	193934	22302
757.5546875000	n/a	193934	22301
757.5546875000	n/a	193934	22501
757.6054687500	n/a	193947	43452
757.6875000000	n/a	193968	12102
757.8046875000	n/a	193998	22301
758.0546875000	n/a	194062	22302
758.0546875000	n/a	194062	22302
758.3046875000	n/a	194126	22302
758.3164062500	n/a	194129	43101
758.3984375000	n/a	194150	41504
758.5546875000	n/a	194190	22001
758.5546875000	n/a	194190	22302
758.5546875000	n/a	194190	22301
758.5546875000	n/a	194190	22502
758.7460937500	n/a	194239	43102
758.8046875000	n/a	194254	22302
758.8046875000	n/a	194254	22302
759.0546875000	n/a	194318	22001
759.0546875000	n/a	194318	22301
759.0546875000	n/a	194318	22301
759.2968750000	n/a	194380	42001
759.3046875000	n/a	194382	22301
759.5546875000	n/a	194446	22002
759.5546875000	n/a	194446	22302
759.5546875000	n/a	194446	22502
759.5546875000	n/a	194446	22301
759.5546875000	n/a	194446	22501
759.8046875000	n/a	194510	22301
759.8046875000	n/a	194510	22301
759.8046875000	n/a	194510	22301
759.8046875000	n/a	194510	33100
760.1679687500	n/a	194603	42002
760.3046875000	n/a	194638	22001
760.3554687500	n/a	194651	32000
760.5546875000	n/a	194702	22302
760.5546875000	n/a	194702	22302
760.5546875000	n/a	194702	22502
760.8046875000	n/a	194766	22002
760.8046875000	n/a	194766	22302
760.8046875000	n/a	194766	22302
761.0546875000	n/a	194830	22001
761.0546875000	n/a	194830	22301
761.0546875000	n/a	194830	22301
761.1445312500	n/a	194853	43101
761.3046875000	n/a	194894	22302
761.3046875000	n/a	194894	22101
761.5546875000	n/a	194958	22302
761.5546875000	n/a	194958	22102
761.7148437500	n/a	194999	43102
761.9960937500	n/a	195071	43431
762.0546875000	n/a	195086	22002
762.0546875000	n/a	195086	22302
762.8281250000	n/a	195284	32000
763.3046875000	n/a	195406	22001
763.5546875000	n/a	195470	22002
763.5742187500	n/a	195475	43432
764.0546875000	n/a	195598	22302
764.0546875000	n/a	195598	22302
764.8046875000	n/a	195790	22301
766.0859375000	n/a	196118	12201
766.1718750000	n/a	196140	43451
767.0546875000	n/a	196366	22302
768.0546875000	n/a	196622	22002
769.3046875000	n/a	196942	22001
769.6054687500	n/a	197019	33100
769.7070312500	n/a	197045	32000
770.2382812500	n/a	197181	32000
770.5507812500	n/a	197261	43452
770.6367187500	n/a	197283	12202
771.0546875000	n/a	197390	22002
771.1015625000	n/a	197402	41504
771.3984375000	n/a	197478	42001
771.6210937500	n/a	197535	43351
771.8046875000	n/a	197582	22301
772.0546875000	n/a	197646	22302
772.7929687500	n/a	197835	43352
772.8867187500	n/a	197859	42002
774.5546875000	n/a	198286	22301
774.8046875000	n/a	198350	22302
775.0546875000	n/a	198414	22301
775.5546875000	n/a	198542	22101
775.6054687500	n/a	198555	32000
775.8046875000	n/a	198606	22301
775.8046875000	n/a	198606	22301
775.8046875000	n/a	198606	22301
775.8046875000	n/a	198606	22501
776.0546875000	n/a	198670	22301
776.0546875000	n/a	198670	22302
776.2968750000	n/a	198732	42001
776.3046875000	n/a	198734	22302
776.3046875000	n/a	198734	22301
776.5546875000	n/a	198798	22302
776.5546875000	n/a	198798	22102
776.5546875000	n/a	198798	22302
776.5546875000	n/a	198798	22301
776.5546875000	n/a	198798	22302
776.5546875000	n/a	198798	22001
776.5546875000	n/a	198798	22301
776.6015625000	n/a	198810	43431
776.8046875000	n/a	198862	22302
777.0546875000	n/a	198926	22101
777.3046875000	n/a	198990	22302
777.5546875000	n/a	199054	22301
777.5546875000	n/a	199054	22301
777.5546875000	n/a	199054	22302
777.5546875000	n/a	199054	22101
777.6015625000	n/a	199066	43432
777.8046875000	n/a	199118	22001
777.8046875000	n/a	199118	22301
777.8046875000	n/a	199118	22301
777.8046875000	n/a	199118	22301
777.8046875000	n/a	199118	22002
777.8046875000	n/a	199118	22102
777.8046875000	n/a	199118	22502
778.0546875000	n/a	199182	22501
778.0546875000	n/a	199182	22302
778.0898437500	n/a	199191	43421
778.0898437500	n/a	199191	31182
778.0898437500	n/a	199191	31191
778.3046875000	n/a	199246	22302
778.5546875000	n/a	199310	22302
778.5546875000	n/a	199310	22102
778.7382812500	n/a	199357	32000
778.8046875000	n/a	199374	22101
779.3046875000	n/a	199502	22301
779.3046875000	n/a	199502	22101
779.3046875000	n/a	199502	22502
779.5546875000	n/a	199566	22301
779.5546875000	n/a	199566	22301
780.5546875000	n/a	199822	22302
780.5546875000	n/a	199822	22301
780.8046875000	n/a	199886	22302
780.8046875000	n/a	199886	22301
781.0546875000	n/a	199950	22302
781.1171875000	n/a	199966	12201
781.1289062500	n/a	199969	43451
782.0546875000	n/a	200206	22301
782.3046875000	n/a	200270	22301
782.5546875000	n/a	200334	22301
782.5546875000	n/a	200334	22302
783.0546875000	n/a	200462	22102
783.2265625000	n/a	200506	32000
783.2968750000	n/a	200524	42002
783.3046875000	n/a	200526	22301
783.3476562500	n/a	200537	43422
783.5546875000	n/a	200590	22302
783.8046875000	n/a	200654	22302
784.5468750000	n/a	200844	12101
784.5703125000	n/a	200850	43401
785.2382812500	n/a	201021	43452
785.3046875000	n/a	201038	22301
785.4570312500	n/a	201077	12202
786.0546875000	n/a	201230	22302
786.2578125000	n/a	201282	41504
786.3046875000	n/a	201294	22302
786.4765625000	n/a	201338	32000
787.0976562500	n/a	201497	42001
787.2890625000	n/a	201546	43351
788.3046875000	n/a	201806	22002
789.3281250000	n/a	202068	42002
789.4179687500	n/a	202091	43352
789.9453125000	n/a	202226	43402
790.0546875000	n/a	202254	22102
791.0546875000	n/a	202510	22001
791.3867187500	n/a	202595	32000
791.4453125000	n/a	202610	32000
791.5546875000	n/a	202638	22101
791.8867187500	n/a	202723	32000
792.8046875000	n/a	202958	22101
794.4062500000	n/a	203368	43301
796.3046875000	n/a	203854	22102
796.4960937500	n/a	203903	43302
796.5468750000	n/a	203916	12102
798.0546875000	n/a	204302	22002
799.5546875000	n/a	204686	22001
800.1953125000	n/a	204850	32000
800.8046875000	n/a	205006	22101
801.5546875000	n/a	205198	22002
801.5546875000	n/a	205198	22102
802.4765625000	n/a	205434	32000
804.5546875000	n/a	205966	22301
804.5546875000	n/a	205966	22001
805.0546875000	n/a	206094	22102
806.5546875000	n/a	206478	22301
807.0546875000	n/a	206606	22002
807.3046875000	n/a	206670	22302
808.1367187500	n/a	206883	32000
810.7070312500	n/a	207541	32000
810.7656250000	n/a	207556	32000
811.0546875000	n/a	207630	22302
811.0546875000	n/a	207630	22302
811.0546875000	n/a	207630	22302
811.0546875000	n/a	207630	22302
811.0546875000	n/a	207630	22302
812.2968750000	n/a	207948	32000
822.3867187500	n/a	210531	32000
829.2851562500	n/a	212297	12101
829.3554687500	n/a	212315	43401
832.6367187500	n/a	213155	32000
835.9335937500	n/a	213999	43402
836.3632812500	n/a	214109	43401
837.1640625000	n/a	214314	43301
837.4453125000	n/a	214386	32000
837.8632812500	n/a	214493	43402
839.2148437500	n/a	214839	43302
839.2851562500	n/a	214857	12102
840.4531250000	n/a	215156	43401
841.3515625000	n/a	215386	43402
841.9609375000	n/a	215542	43001
842.0429687500	n/a	215563	43002
849.9453125000	n/a	217586	32000
851.7578125000	n/a	218050	32000
865.4453125000	n/a	221554	32000
870.9765625000	n/a	222970	32000
879.6640625000	n/a	225194	32000
880.0234375000	n/a	225286	43401
880.1640625000	n/a	225322	32000
881.0351562500	n/a	225545	32000
888.2109375000	n/a	227382	43402
889.8281250000	n/a	227796	43001
890.5976562500	n/a	227993	32000
890.8789062500	n/a	228065	43002
891.6601562500	n/a	228265	43001
892.4687500000	n/a	228472	43002
894.3750000000	n/a	228960	32000
897.9062500000	n/a	229864	32000
903.2539062500	n/a	231233	42001
903.4062500000	n/a	231272	43461
903.5664062500	n/a	231313	12101
903.6054687500	n/a	231323	43201
905.2031250000	n/a	231732	43462
905.2031250000	n/a	231732	33200
905.5351562500	n/a	231817	42002
907.9921875000	n/a	232446	43202
912.8437500000	n/a	233688	43301
915.5664062500	n/a	234385	12102
915.6015625000	n/a	234394	43302
917.0664062500	n/a	234769	32000
929.2148437500	n/a	237879	32000
929.8007812500	n/a	238029	22501
931.5507812500	n/a	238477	22502
936.3164062500	n/a	239697	32000
938.3007812500	n/a	240205	22501
938.5664062500	n/a	240273	32000
939.5507812500	n/a	240525	22502
941.0507812500	n/a	240909	22501
944.0507812500	n/a	241677	22502
944.3007812500	n/a	241741	22501
947.8007812500	n/a	242637	22502
951.8007812500	n/a	243661	22501
954.7734375000	n/a	244422	12101
954.8203125000	n/a	244434	43451
956.0507812500	n/a	244749	22502
958.0507812500	n/a	245261	22501
958.5000000000	n/a	245376	43452
958.5742187500	n/a	245395	12102
959.3007812500	n/a	245581	41504
959.8984375000	n/a	245734	43451
960.1562500000	n/a	245800	32000
960.5273437500	n/a	245895	43452
960.9882812500	n/a	246013	12201
961.1484375000	n/a	246054	43221
964.6093750000	n/a	246940	12202
964.7265625000	n/a	246970	43222
965.0507812500	n/a	247053	22501
966.0507812500	n/a	247309	22502
966.3046875000	n/a	247374	42001
966.5273437500	n/a	247431	43421
966.5507812500	n/a	247437	22502
969.1562500000	n/a	248104	32000
974.1757812500	n/a	249389	43422
974.3945312500	n/a	249445	42002
975.7226562500	n/a	249785	12201
975.7460937500	n/a	249791	43321
976.1757812500	n/a	249901	12202
976.1953125000	n/a	249906	43322
977.7734375000	n/a	250310	32000
981.3164062500	n/a	251217	32000
982.6562500000	n/a	251560	32000
983.4335937500	n/a	251759	32000
983.4960937500	n/a	251775	42001
983.6718750000	n/a	251820	43451
983.9023437500	n/a	251879	43001
983.9492187500	n/a	251891	12201
984.1210937500	n/a	251935	43002
984.3164062500	n/a	251985	42002
986.2734375000	n/a	252486	32000
987.1796875000	n/a	252718	43452
987.5703125000	n/a	252818	12202
987.9062500000	n/a	252904	32000
987.9726562500	n/a	252921	41504
988.3007812500	n/a	253005	22501
988.4062500000	n/a	253032	42001
988.6406250000	n/a	253092	43351
990.4296875000	n/a	253550	43352
990.6992187500	n/a	253619	43421
992.0390625000	n/a	253962	43422
992.3046875000	n/a	254030	42002
994.0664062500	n/a	254481	12201
994.2382812500	n/a	254525	43321
994.5195312500	n/a	254597	12202
994.6914062500	n/a	254641	43322
995.3359375000	n/a	254806	32000
995.8007812500	n/a	254925	22501
997.1601562500	n/a	255273	43001
997.6875000000	n/a	255408	43002
999.8046875000	n/a	255950	32000
1000.1835937500	n/a	256047	32000
1000.7148437500	n/a	256183	11112
1000.7148437500	n/a	256183	31192
1000.8984375000	n/a	256230	43401
1002.3476562500	n/a	256601	43101
1002.4882812500	n/a	256637	43102
1002.8281250000	n/a	256724	43402
1003.6875000000	n/a	256944	43421
NaN	n/a	n/a	43422
NaN	n/a	n/a	43101
NaN	n/a	n/a	43102
NaN	n/a	n/a	32000
NaN	n/a	n/a	43401
NaN	n/a	n/a	43402
NaN	n/a	n/a	23002
